id,name,brand,street,city,zip,lat,lon,diesel,e5,e10,is_open
00061404-f33c-4444-8888-acdc00000001,EDEKA Seng,EDEKA Seng,Bergiusstraße 1,Augsburg,86199,48.342052459717,10.88701915741,2.199,2.079,2.039,True
4bdaf7a5-6655-4d66-9a77-2ab87cf58060,Freie,Freie,Angertorstrasse 52,Langenau,89129,48.488223,10.120621,2.219,2.119,2.069,True
52947e83-e349-4129-b47f-f747cbb9328f,BayWa,BayWa,Riedheimer Str. 7,Langenau,89129,48.49205,10.12469,2.219,,,True
2c4ddd6c-74b8-42f3-992a-d89044e458f6,Shell,Shell,Rosenheimer Str 68,Bad Aibling,83043,47.855742,12.015652,2.229,2.149,2.089,False
f8172913-8f84-5294-67d9-b79580bc6cb8,pur. einfach tanken,,Gewerbering 8a,Egling,82544,47.9297529,11.5007398,2.229,2.109,2.089,True
05a9dda6-b9d0-4bc7-9374-47aa0387eb52,Freie Tankstelle Huber,Freie Tankstelle Huber,Öhnböcker Straße 5,Egling,82544,47.92424,11.50892,2.229,2.129,2.109,True
00060508-0002-4444-8888-acdc00000002,Freie Tankstelle Faistenhaar,Freie Tankstelle Faistenhaar,Ayingerstraße 3,Faistenhaar,85649,47.984237670898,11.716430664062,2.229,2.109,,True
00060441-0001-4444-8888-acdc00000001,TANKHOF SAUERLACH,TANKHOF SAUERLACH,Ludwig-Bölkow-Straße 1,Sauerlach,82054,47.971649169922,11.662834167481,2.229,2.109,2.089,True
414897e6-396c-453a-98af-6816de6f3013,Reitmayr TS,Reitmayr TS,Augsburger Str. 14,Puchheim,82178,48.1480546,11.3450828,2.238,2.108,,True
5c9d01da-5705-4703-238f-add0c817ef28,BFT Tankstelle Gerstenlauer,BFT Tankstelle Gerstenlauer,Hauptstrasse 20,/ Neenstetten,89189,48.54837,10.02023,2.239,,2.059,True
51d4b4c7-a095-1aa0-e100-80009459e03a,Supermarkt-Tankstelle,Supermarkt-Tankstelle,BERLINER ALLEE 72,AUGSBURG,86153,48.36563,10.92754,2.239,2.129,2.069,True
51d4b589-a095-1aa0-e100-80009459e03a,JET,JET,LANDSHUTER STR. 47,FREISING,85356,48.40636,11.76104,2.239,2.139,2.079,True
51d4b53d-a095-1aa0-e100-80009459e03a,JET,JET,AUGSBURGER STR. 10,FRIEDBERG,86316,48.35659,10.97442,2.239,2.159,2.099,True
07ecdc39-f332-40f6-bb28-3fbfa0a158ec,BK,BK,Augsburger Str. 72,Friedberg,86316,48.355937,10.955549,2.239,2.159,2.099,True
9084284a-4534-4ad4-a6db-ba5128e15af3,BayWa,BayWa,Münchener Str. 33,Friedberg,86316,48.351784,10.986823,2.239,2.159,2.099,True
3798cb9f-f6e4-448f-b3fc-b80388fa11bc,RAN,RAN,Robinienweg 3,Kissing,86438,48.3125,10.9619,2.239,2.139,2.079,True
f5c10c7a-e532-4a32-a49e-2dd6813c72ca,Freie,Freie,Malgertsham 10,Koesslarn,94149,48.37229,13.13406,2.239,2.109,2.059,True
5ef3a27c-c979-4429-9ecf-f49e06acbf40,HEM,HEM,Erlenweg 1,Lonsee,89173,48.518314,9.908554,2.239,2.169,2.109,True
51d4b535-a095-1aa0-e100-80009459e03a,JET,JET,HEIDEMANNSTR. 40,MUENCHEN,80939,48.20113,11.59033,2.239,2.129,2.069,True
e375b879-5c21-4e2d-87fa-a4db5aa100ee,Freie Tankstelle Freisinger Str 28 Marzling,,Freisinger Str 28,Marzling,85417,48.411006,11.796209,2.239,2.129,2.079,True
96915c76-348d-4dbc-9ce9-81dbd9bf2f8c,ALLGUTH,ALLGUTH,Kufsteiner Str. 124,Rosenheim,83026,47.838541,12.120173,2.239,2.149,2.089,True
afe1e495-b73b-4155-8625-340ad7b9f27f,Möbel Inhofer GmbH & Co. KG,Möbel Inhofer GmbH & Co. KG,Ulmer Str. 50,Senden,89250,48.32817,10.03625,2.239,2.099,2.039,True
25048bad-4c6a-47a5-918a-da122bf67898,Freie Tankstelle,Freie Tankstelle,Laufener Str. 26,Tittmoning,84529,48.05653,12.77121,2.239,2.109,2.049,True
090dab89-cb87-4302-9053-e945df0bbfd1,ESSO,ESSO,FRIEDBERGER STR. 165,AUGSBURG,86163,48.355877,10.951595,2.249,2.139,,True
00060551-95cd-4444-8888-acdc00000003,EDEKA,EDEKA,Neuburger Straße 217,Augsburg-Lechhausen,86167,48.395450592041,10.914816856384,2.249,2.129,2.069,True
c5835dd4-b910-4531-8cea-267eb1e9a04c,ESSO,ESSO,Burgkirchener Str. 14,Burghausen,84489,48.177417,12.825058,2.249,2.149,2.089,True
919d7fa6-64b4-4816-af73-ac15154f2292,ESSO,ESSO,Burgkirchener Str. 11,Burghausen,84489,48.175375,12.825208,2.249,2.149,2.089,True
1640778f-bc59-4581-994b-46932aae72d7,AGIP ENI,AGIP ENI,Perger Strasse 2,Burghausen,84489,48.166381590435,12.827794413219,2.249,2.149,2.089,True
341c0b37-d4be-48d0-9f38-19a983694505,RAN,RAN,Münchner Str. 28,Freising,85354,48.3876,11.7368,2.249,2.139,2.079,True
9ae83fef-f6ca-44e8-9cbd-1fee129a1686,AVIA,AVIA,Thalhauser Straße 44,Freising,85354,48.399812,11.730195,2.249,2.149,2.089,True
00060401-3125-4444-8888-acdc00000001,EDEKA,EDEKA,Ziegeleistraße 2,Gersthofen,86368,48.412349700928,10.876139640808,2.249,2.129,2.069,True
00060399-0001-4444-8888-acdc00000001,Tankstelle Gartner,,Zinnebergerstr. 11,Glonn,85626,47.988719940185,11.874309539795,2.249,2.129,,True
c5c38c4f-9d55-4904-93c8-1be19e28cc90,HEM,HEM,Rosenheimer Str. 60,Kolbermoor,83059,47.84908,12.07719,2.249,2.159,2.099,True
00062601-eb0d-4444-8888-acdc00062601,FENEBERG,FENEBERG,Steinbeisstraße 2,Leutkirch im Allgäu,88299,47.821598052979,10.00723361969,2.249,2.089,2.029,True
51d4b58b-a095-1aa0-e100-80009459e03a,Supermarkt-Tankstelle,Supermarkt-Tankstelle,FRAUNHOFER STR. 6,MEMMINGEN,87700,48.00399,10.16968,2.249,2.089,2.029,True
b94c8ad3-1bae-ace3-b6d7-76cfefa05a94,REWE,REWE,Rudolf-Diesel-Str. 12,Memmingen,87700,48.00081,10.16835,2.249,2.089,2.029,True
cb489733-5a1b-4dba-8fba-67f684342cd5,FENEBERG,FENEBERG,Dr.-Karl-Lenz-Straße 4,Memmingen,87700,47.998237609863,10.176976203918,2.249,2.089,2.029,True
802e24d9-e991-4be7-bac1-7a4e4fc683e2,ARAL,ARAL,Ingolstädter Str. 164-166,München,80939,48.20178,11.586149,2.249,2.139,2.079,True
be811e79-cf4f-48dd-a6de-74cdf410bd8e,AGIP ENI,AGIP ENI,Oberföhringer Str. 178,München,81925,48.1680806,11.6245505,2.249,2.149,2.089,True
c28c5b0d-f5be-4e9b-8a4a-67cfc55751ec,AVIA,AVIA,Tegernseer Straße 5,Otterfing,83624,47.90821,11.67604,2.249,2.129,2.069,True
51d4b592-a095-1aa0-e100-80009459e03a,JET,JET,KUFSTEINER STR. 85,ROSENHEIM,83026,47.8439,12.1242,2.249,2.159,2.099,True
00060547-15c9-4444-8888-acdc00000002,EDEKA,EDEKA,Hagenmähderstraße 47,Stadtbergen,86391,48.37292098999,10.847330093384,2.249,2.129,2.069,True
0f914994-a630-4083-ac67-59daa272d1de,Freie,Freie,Kößlarner Str. 30-32,Triftern,84371,48.394617,13.008523,2.249,2.119,,True
00041450-0002-4444-8888-acdc00000002,Neeb Tank,Neeb Tank,Lochhamer Schlag 13,Gräfelfing,82166,48.125225067139,11.452363014221,2.258,2.138,2.098,True
42d35270-5ab1-4f5e-b181-eb042e04d5e8,Inntaler,Inntaler,Kufsteiner Str. 116,Raubling,83064,47.76584,12.10561,2.258,2.148,2.118,True
562ddd46-659b-427e-a47c-6ec98967d0cb,AVIA,AVIA,Rosenheimer Str. 40,Raubling,83064,47.796905014421,12.120451084656,2.258,2.178,2.118,True
51d4b5e0-a095-1aa0-e100-80009459e03a,JET,JET,KOBELWEG 70,AUGSBURG,86156,48.38613,10.8494,2.259,2.139,2.079,True
51d4b597-a095-1aa0-e100-80009459e03a,JET,JET,SCHILLSTR. 5,AUGSBURG,86167,48.37781,10.91357,2.259,2.139,2.079,True
51d4b5b5-a095-1aa0-e100-80009459e03a,JET,JET,DIESELSTR. 12,AUGSBURG,86154,48.38553,10.88424,2.259,2.139,2.079,True
51d4b711-a095-1aa0-e100-80009459e03a,JET,JET,NEUBURGER STR. 174,AUGSBURG,86167,48.39123,10.91565,2.259,2.139,2.079,True
51d4b659-a095-1aa0-e100-80009459e03a,JET,JET,DIEDORFER STR. 12,AUGSBURG,86154,48.40149,10.8776,2.259,2.139,2.079,True
3a7b02b0-a004-4d8b-b6d1-7fd263a0cd24,Sunoil,Sunoil,Hochstrasse 60,Aichstetten,88317,47.89326,10.08185,2.259,2.099,2.039,True
792d0066-eecc-42f6-8731-bd1fe9c9ce86,Michael Eierstock GmbH,,Glonnerstraße 25,Antholing/Baiern,85625,47.95456,11.91509,2.259,2.089,,True
1ad701ea-fff2-4723-ab94-7a2b6ba06b92,OIL!,OIL!,Lindauer Str. 3,Augsburg,86199,48.3351,10.8673,2.259,2.139,2.079,True
a8c6d07a-2c64-4b28-937f-fa279c79fc3c,RAN,RAN,Holzbachstr. 2,Augsburg,86152,48.370695,10.878602,2.259,2.139,2.079,True
5341b9a6-6834-4d59-96bf-c4dd723cca41,PIN Service-Station,PIN Service-Station,Meraner Straße 11,Augsburg,86165,48.381622,10.932425,2.259,2.139,2.079,True
e1a15081-2559-9107-e040-0b0a3dfe563c,HEM,HEM,Bürgermeister Wegele Str. 15,Augsburg,86167,48.39791666,10.92627222,2.259,2.139,2.079,True
d4f35752-bffa-44e0-b57d-9d880e8c5091,BayWa,BayWa,Gubener Str. 9,Augsburg/Oberhausen,86156,48.388094,10.862611,2.259,,,True
24b50190-3af3-4154-8b86-97f718729365,RAN,RAN,Gewerbestr. 5,Diedorf,86420,48.359,10.7837,2.259,2.139,2.079,True
00060438-ab8e-4444-8888-acdc00000001,Rima Tankstelle,,Augsburger Str. 20,Diedorf-Biburg,86420,48.373607635498,10.767181396484,2.259,2.139,2.089,True
51d4b41e-a095-1aa0-e100-80009459e03a,Supermarkt-Tankstelle,Supermarkt-Tankstelle,HEISENBERGSTR. 3,ECHING,85386,48.30328,11.63131,2.259,2.179,2.119,True
005056a9-779e-1eed-bbb6-1fc33b544c50,ORLEN Express,ORLEN Express,Am Kletterhammer Feld 1,Erding,85435,48.306897,11.88466,2.259,2.149,2.089,True
ec0282d1-1ca2-4f31-8f91-455dc78225cb,ESSO,ESSO,ERDINGERSTR. 145,FREISING,85356,48.384348,11.7643,2.259,2.149,,True
a19f90e5-c603-405c-9a28-c4c42cb3df3d,TotalEnergies,TotalEnergies,Acheringer Hauptstr. 20,Freising,85354,48.344397,11.709186,2.259,2.159,2.099,True
005056a9-779e-1eed-bbb6-aa47edc450b9,ORLEN Express,ORLEN Express,Münchner Str. 30,Fürstenfeldbruck,82256,48.176575,11.259884,2.259,2.179,2.119,True
5f7e4b7d-482f-4707-a016-00c104984937,Freie,Freie,Heimstättenstr. 44,Fürstenfeldbruck,82256,48.17409,11.2326,2.259,2.129,,True
971984d4-c834-4dad-973e-6b60be6f7bef,RAN,RAN,Augsburger Str. 42,Gersthofen,86368,48.4192,10.8791,2.259,2.139,2.079,True
65a5184f-f2cf-45ae-99a2-c96bd84e1740,ESSO,ESSO,Ludwigstr. 54,Hallbergmoos,85399,48.333701,11.731318,2.259,2.149,2.089,True
e8c48b48-5ec2-4795-96e9-95391c371c24,ESSO,ESSO,Maitz 3,Holzkirchen,83607,47.888472,11.684808,2.259,2.139,2.079,True
d9b39ecd-0940-47b8-8be6-4be6764c66bd,Sunoil,Sunoil,Adenauerring 24,Kempten,87439,47.7362246,10.3106716,2.259,2.099,2.039,True
4fabf574-4cc0-4bf7-bbd5-eb6ff5d6875d,FENEBERG,FENEBERG,Ursulasriederstraße 6,Kempten,87437,47.748001098633,10.321499824524,2.259,2.089,2.049,True
cd8ba6a6-03ce-1ee5-94b6-b3633b48c388,JET,JET,AUF DER HEID 3,LEUTKIRCH,88299,47.83087,10.00436,2.259,2.099,2.039,True
24a7c09e-f47d-43df-8e81-7a9a5eb41195,RAN,RAN,Wangener Str. 49,Leutkirch,88299,47.8232,10.0159,2.259,2.099,2.039,True
51d4b61a-a095-1aa0-e100-80009459e03a,JET,JET,RIEDBACHSTR. 23,MEMMINGEN,87700,47.97892,10.18961,2.259,2.099,2.039,True
1390e77f-4949-4fdc-8176-24f6cc8242a8,BK,BK,Donaustr. 43,Memmingen,87700,47.994657,10.179235,2.259,2.099,2.039,True
fb5433a8-6995-4ebc-aac3-01bf24dadbd6,tankpoint,tankpoint,Tiroler Ring 1,Memmingen,87700,47.98008,10.19039,2.259,2.099,2.039,True
9f32a2f0-7ebc-4dcc-b8e3-48640824b30b,ALLGUTH,ALLGUTH,Am Neubruch 7,München,80997,48.1924644,11.4999387,2.259,2.179,2.119,True
21df69d8-becf-43f5-a068-f3007f56dfcd,Freie Tankstelle Neusaess,Freie Tankstelle Neusaess,Hauptstrasse 15 a,Neusaess,86356,48.392254,10.835076,2.259,2.139,2.089,True
b5fc0ebe-1793-41a8-aa60-d64e4938487f,RAN,RAN,Boschstr. 1,Neusäß,86356,48.4038,10.8396,2.259,2.139,2.079,True
00060446-0001-4444-8888-acdc00000001,Freie Tankstelle Schuster,,Münchner Str. 31,Oberhaching,82041,48.029453277588,11.601210594177,2.259,2.099,2.079,True
51d4b5e8-a095-1aa0-e100-80009459e03a,Supermarkt-Tankstelle,Supermarkt-Tankstelle,WOLFRATSHAUSER STR. 110,PULLACH IM ISARTAL,82049,48.04627,11.50567,2.259,2.159,2.099,True
e9e805ea-8f6d-4450-9fcb-bacad82e4c7a,ELAN,ELAN,Muenchner Str. 92,Unterhaching,82008,48.077807,11.601109,2.259,2.149,2.089,True
37b6464b-3645-4413-b635-46725421c835,Raiffeisen,Raiffeisen,Raiffeisenstr. 1,Isen,84424,48.21389,12.05961,2.268,2.118,2.088,True
41635596-7306-4565-a5d9-15fca02f0f87,ESSO,ESSO,NEUSAESSER STR. 18,AUGSBURG,86156,48.381535,10.848445,2.269,2.149,2.089,True
b00f3df9-27e6-429d-b0a6-fb9056641035,AVIA,AVIA,Legauer Straße 3,Altusried-Kimratshofen,87452,47.79789,10.15967,2.269,2.109,2.049,True
cb20c8cd-c575-4efe-b805-bcf953f7e628,AGIP ENI,AGIP ENI,Bürgermeister-Schlosser-Str. 2,Augsburg,86199,48.319049,10.863483,2.269,2.149,2.089,True
df1c6790-0759-45ba-97c2-45d486e9c288,AVIA,AVIA,Siebentischstraße 16a,Augsburg,86161,48.35413,10.91516,2.269,2.169,2.109,True
f70526ff-5bb4-49f0-9096-a89f7f353d4c,TotalEnergies,TotalEnergies,Leonhardsberg 17,Augsburg,86150,48.370697,10.900372,2.269,2.199,2.139,True
9b6a5b36-2cb5-4848-bcb8-f86028b6a5d7,AGIP ENI,AGIP ENI,Holzweg 21,Augsburg,86156,48.38996,10.86653,2.269,2.169,2.109,True
41b00732-5e42-4406-a2dd-c0e2e2c341f1,TotalEnergies,TotalEnergies,Donauwoerther Str. 102,Augsburg,86154,48.389149,10.881633,2.269,2.189,2.129,True
ef67307e-1632-4e85-a563-0017276b875e,TOTAL,TOTAL,Gablinger Weg 83,Augsburg,86154,48.3987228,10.8686952,2.269,2.149,2.089,True
39af7edb-35b3-4b01-80d2-f455def5966d,ESSO,ESSO,Donauwörther Str. 197,Augsburg,86154,48.397457,10.881367,2.269,2.159,2.099,True
e9d64f92-25d9-462e-9b4d-255835d635e2,BayWa,BayWa,Am Mittleren Moos 6,Augsburg/Lechhausen,86167,48.39216,10.93732,2.269,,,True
51d4b6bf-a095-1aa0-e100-80009459e03a,JET,JET,LENGGRIESER STR. 48,BAD TOELZ,83646,47.75095,11.56236,2.269,2.159,2.099,True
5cc76798-995b-4e1a-a8f7-75bb36aac5b9,pur. einfach tanken,,Ludwigstraße 36,Bad Tölz,83646,47.759268,11.541342,2.269,2.159,2.099,True
0d8ee019-0268-4cc8-a5e2-718986c1c969,pur. einfach tanken,,Im Farchet 11,Bad Tölz,83646,47.77478,11.551022,2.269,2.159,2.099,True
e5736e3d-4eab-4d7b-8eea-569e2018ffc6,AGIP ENI,AGIP ENI,Oberopfinger Str. 25,Berkheim,88450,48.04266963247,10.084076171,2.269,2.109,2.049,True
5a1e68c2-5492-41e1-bf15-8efcdad3e887,BayWa,BayWa,Gruckinger Str. 1,Bockhorn/ED20,85461,48.329737,11.972783,2.269,,,True
bd353f8f-4936-4175-ad04-89092a878811,AVIA XPress,AVIA XPress,Kemptener Str. 10,Buchloe,86807,48.0155,10.71526,2.269,2.209,,True
b8f66dd8-ca58-4093-9a10-749022623a46,AVIA XPress,AVIA XPress,Hauptstraße 14,Denklingen,86920,47.9144,10.84982,2.269,2.209,2.149,True
85510627-1a4d-4688-9a0c-44b5fbe77721,DELTIN,DELTIN,Am Malfinger Steig 2,Denklingen,86920,47.915176391602,10.856067657471,2.269,,,True
9876c291-7600-40db-9f39-84fdabbcd66e,ESSO,ESSO,Keimstr. 2,Diedorf,86420,48.36314,10.789535,2.269,2.149,2.089,True
249e93f7-b6f5-43f7-a6ba-54bf61b7493f,AVIA,AVIA,Marktstraße 36,Dinkelscherben,86424,48.34892,10.58431,2.269,2.149,2.089,True
51d4b65d-a095-1aa0-e100-80009459e03a,JET,JET,ALTE ROEMERSTR. 17,ERDING,85435,48.31136,11.91945,2.269,2.159,2.099,True
51d4b531-a095-1aa0-e100-80009459e03a,JET,JET,MUENCHNER STR. 23,FELDKIRCHEN,85622,48.1448,11.7256,2.269,2.139,2.079,True
6154a980-c980-4420-b467-03c9878cccd6,ESSO,ESSO,AUGSBURGER STR. 31,FISCHACH,86850,48.292437,10.659918,2.269,2.149,2.089,True
0050569a-edd1-1fd0-b5cc-1c604eb3c000,HEM,HEM,Straßfeld 14,Fahrenzhausen (Großnöbach),85777,48.33765,11.57181,2.269,2.189,2.129,True
6b50967f-c016-4d21-8e1d-916d9c400ccf,Sunoil,Sunoil,Stockstr. 1,Fuchstal-Asch,86925,47.94566,10.82703,2.269,2.209,2.149,True
f9c4fe7e-aaa6-43df-8c78-e949bc97d0f1,Freie Tankstelle,Freie Tankstelle,Bahnhofstr. 24,Fuchstal-Leeder,86925,47.93511,10.8323,2.269,2.209,2.149,True
15cfb6fd-e2d8-410a-8443-6c90e7c3a21b,BK,BK,Augsburger Str. 13,Germering,82110,48.1395,11.36002,2.269,2.189,2.129,True
9706a9e2-8632-4811-b56c-d3ac77042342,ALLGUTH,ALLGUTH,Obere Bahnhofstr. 58,Germering,82110,48.12987,11.35939,2.269,2.189,2.129,True
073a5059-d290-a53d-e100-00000630df04,AGIP ENI,AGIP ENI,Memminger Strasse 37,Heimertingen,87751,48.034999,10.153652,2.269,2.109,2.049,True
a0298d29-fb0e-466f-a8e3-e1e33d45c216,AVIA XPress,AVIA XPress,Unteriglinger Straße 49,Igling,86859,48.078512,10.8138,2.269,2.209,2.149,True
51d4b5fc-a095-1aa0-e100-80009459e03a,JET,JET,LINDAUER STR. 107,KEMPTEN,87435,47.71733,10.29809,2.269,2.109,2.049,True
51d4b442-a095-1aa0-e100-80009459e03a,JET,JET,GAUTINGER STR. 59,KRAILLING,82152,48.09357,11.41126,2.269,2.169,2.109,True
ceef3540-a084-42d2-90a5-18f8ddddf495,Sunoil,Sunoil,Lindauer Str. 110,Kempten,87439,47.7171266,10.295377,2.269,2.109,2.049,True
54bd99e3-509b-4856-9bda-fa36c5fec806,Gerhard Leger GmbH - freie Tankstelle,Gerhard Leger GmbH - freie Tankstelle,Ulmer Str. 22,Kempten,87437,47.73364,10.328483,2.269,2.099,2.049,True
508b5f83-1d68-4695-9e4c-5bfeac7e13a9,RAN,RAN,Kaufbeurer Str. 95,Kempten,87437,47.7374,10.3231,2.269,2.099,2.059,True
8e971f79-acba-46a1-83fe-f99baa215c30,Gerhard Leger GmbH - freie Tankstelle,Gerhard Leger GmbH - freie Tankstelle,Daimlerstraße 11,Kempten,87437,47.75533,10.32456,2.269,2.099,,True
a8ed9459-23e8-4b0a-89c7-4e4019bd648b,TotalEnergies,TotalEnergies,Kaiserreichstr. 1,Kiefersfelden,83088,47.618627,12.198598,2.269,2.129,2.069,True
dc658663-e561-40ce-a947-8ece02bebb33,TANKSTELLE KIRCHDORF,TANKSTELLE KIRCHDORF,Gewerbestr. 3,Kirchdorf,88457,48.08084,10.122563,2.269,2.099,2.049,True
40c6c30f-5150-4272-bd65-5731750edd0f,BK,BK,Münchener Str. 2b,Landsberg,86899,48.048477,10.88303,2.269,2.209,2.149,True
15e3172e-6b83-4558-90c8-f59ea7c58142,ALLGUTH,ALLGUTH,Münchener Str. 17,Landsberg,86899,48.05179,10.89277,2.269,2.209,2.149,True
d8d78a99-16e6-4115-baf0-8bf1b54efb93,AVIA,AVIA,Lautracher Straße 10,Legau,87764,47.86102,10.12935,2.269,2.109,2.049,True
6648f665-0478-4573-91f1-62c98e2bff56,ESSO,ESSO,Memminger Str. 64,Leutkirch,88299,47.833102,10.019752,2.269,2.109,2.049,True
989b1e5d-02e9-d36c-e100-00000630df04,AGIP ENI,AGIP ENI,Wangener Str. 90,Leutkirch im Allgäu,88299,47.822536,10.006721,2.269,2.109,2.049,True
51d4b71e-a095-1aa0-e100-80009459e03a,JET,JET,KARL-MARX-RING 48,MUENCHEN,81735,48.10753,11.65761,2.269,2.159,2.099,True
51d4b591-a095-1aa0-e100-80009459e03a,JET,JET,WOTANSTR. 85,MUENCHEN,80639,48.1528,11.5073,2.269,2.159,2.099,True
51d4b61c-a095-1aa0-e100-80009459e03a,JET,JET,DACHAUER STR. 240,MUENCHEN,80992,48.17846,11.51727,2.269,2.189,2.129,True
51d4b5b3-a095-1aa0-e100-80009459e03a,JET,JET,FUERSTENRIEDER STR. 98,MUENCHEN,80686,48.13163,11.50248,2.269,2.159,2.099,True
51d4b676-a095-1aa0-e100-80009459e03a,JET,JET,FUERSTENRIEDER STR. 207,MUENCHEN,81377,48.11746,11.50282,2.269,2.159,2.099,True
51d4b49a-a095-1aa0-e100-80009459e03a,JET,JET,FRANKFURTER RING 241,MUENCHEN,80807,48.18673,11.60642,2.269,2.129,2.069,True
51d4b47e-a095-1aa0-e100-80009459e03a,JET,JET,TRUDERINGER STR. 186,MUENCHEN,81825,48.1281,11.6539,2.269,2.159,2.099,True
b05210cd-c08e-44d6-a233-59916f0ac367,ESSO,ESSO,Europastr. 3,Memmingen,87700,47.999374,10.152773,2.269,2.109,2.049,True
2a6ec536-a1e2-44cd-aaa6-2abc46b36866,HEM,HEM,Wasserburger Landstr. 285,München,81827,48.11121,11.71303,2.269,2.159,2.099,True
5e2ef2b3-faf3-4d65-9cc7-e19a645e2752,Eichele Freie Tankstelle,Eichele Freie Tankstelle,Zehntfeldstraße 219,München,81825,48.108907,11.663527,2.269,2.139,2.099,True
0e18d0d3-ed38-4e7f-a18e-507a78ad901d,OIL!,OIL!,Eversbuschstraße 33,München,80999,48.1807,11.4609,2.269,2.159,2.099,True
4b7e7978-b9ac-4013-9c28-c6afbfd4cb2d,ALLGUTH,ALLGUTH,Von-Kahr-Straße 1,München,80997,48.17871,11.48684,2.269,2.169,2.109,True
00d5c1b0-ad92-428e-b1e0-067d8b8a76bc,Mr. Wash Autoservice AG,Mr. Wash Autoservice AG,Landsberger Straße 420+424,München,81241,48.145315,11.477435,2.269,2.159,2.099,True
86e9bb80-1255-4f31-84b8-87e043b1e005,super wash,super wash,Allacher Strasse 78,München,80997,48.177877,11.497085,2.269,2.169,2.109,True
2ba871b9-634a-4b92-9b5c-5c3efda57077,ALLGUTH,ALLGUTH,Fürstenrieder Straße 210,München,81377,48.12108,11.50224,2.269,2.159,2.099,True
3118018a-15fe-4594-b75a-42d451037ff0,ALLGUTH,ALLGUTH,Fürstenrieder Straße 175,München,81377,48.11991,11.50302,2.269,2.159,2.099,True
0271f0fc-65ed-4725-a922-57eec615195b,ALLGUTH,ALLGUTH,Triebstraße 35,München,80993,48.1871229,11.534851,2.269,2.189,2.129,True
2c5498fb-6a85-45c7-adc4-c38121cd9423,AVIA,AVIA,Triebstr. 35a,München,80993,48.1872,11.5353,2.269,2.189,2.129,True
1b2de9d7-f360-4af8-a563-749a44418a27,ALLGUTH,ALLGUTH,Georg-Brauchle-Ring 30,München,80992,48.1765308,11.5353289,2.269,2.189,2.129,True
430f6f71-72cb-4996-9d4b-bb12d1793a92,ALLGUTH,ALLGUTH,Boschetsrieder Str. 139,München,81379,48.097958,11.511889,2.269,2.209,2.149,True
435c2e50-cc83-4620-9abc-0e972d7050d1,ALLGUTH,ALLGUTH,Kreillerstraße 219,München,81825,48.121742,11.664057,2.269,2.159,2.099,True
67693691-5653-44b1-9c0f-1151ddc9ea40,ALLGUTH,ALLGUTH,Kreillerstr. 220,München,81825,48.12134,11.663854,2.269,2.159,2.099,True
1f4d9e78-38d8-45a5-84d0-2d6758380a1f,ALLGUTH,ALLGUTH,Chiemgaustr. 185,München,81549,48.109325,11.608658,2.269,2.179,2.119,True
b7d44804-54ef-485a-8902-4f6a9b37eea1,AVIA XPress,AVIA XPress,Lengenfelder Straße 3,Oberostendorf,86869,47.9442,10.74412,2.269,2.209,,True
b7a1071e-04e9-456e-88fc-23056d082de3,RAN,RAN,Biberacher Str. 7,Ochsenhausen,88416,48.072456,9.948488,2.269,2.129,2.069,True
7f6ec850-f413-46b9-992d-0cb2671e25dd,tankpoint,tankpoint,Biberacher Straße 8,Ochsenhausen,88416,48.07265,9.948322,2.269,2.129,2.069,True
00061307-0001-4444-8888-acdc00000001,BFT-Tankstelle Ostermeier,,Teisendorfer Straße 16,Piding,83451,47.768058776855,12.891969680786,2.269,2.149,2.089,True
cd8ba6a6-9569-1ed6-8bd0-a6511bd08b15,JET,JET,EBERSBERGSTR. 104,ROSENHEIM,83024,47.87321,12.11096,2.269,2.159,2.099,True
c2e1a98c-6029-467f-8106-c8e0bcaa1dfc,AGIP ENI,AGIP ENI,Rosenheimer Str. 44,Rohrdorf,83101,47.818995008763,12.157263841639,2.269,2.179,2.119,True
7a40f636-8c68-4de0-bf25-86e5e6cbcd25,HEM,HEM,Südliche Hauptstr. 8,Rottach-Egern,83700,47.689139,11.768931,2.269,2.209,2.149,True
7c6b6799-b879-4cec-8289-b6205aca3efb,AVIA,AVIA,Ursberger Straße 29,Thannhausen,86470,48.27887,10.46345,2.269,2.149,2.089,True
4569bdae-4e94-441e-b92a-158bb2bb5159,PIN Service-Station,PIN Service-Station,Bahnhofstraße 51,Thannhausen,86470,48.28615,10.467677,2.269,2.139,2.079,True
345b76b2-e4f6-4914-a3c8-0d1e29a082b5,ALLGUTH,ALLGUTH,Dieselstraße 4,Unterschleißheim,85716,48.2815752,11.5723292,2.269,2.189,2.129,True
a0720420-4864-4dc2-9909-3659eda1f1de,AVIA XPress,AVIA XPress,Hauptstraße 38,Ustersbach,86514,48.31602,10.64174,2.269,2.149,2.089,True
51d4b640-a095-1aa0-e100-80009459e03a,Supermarkt-Tankstelle,Supermarkt-Tankstelle,KALTENMOSER STR. 28,WEILHEIM,82362,47.8429,11.1488,2.269,2.109,2.049,True
1dc7d02f-4da8-4893-b2f1-c43dfc80ec04,Alpin Oil,,Tegernseerstr. 17 - 19,Waakirchen,83666,47.7692,11.67927,2.269,2.189,2.169,True
722552a3-f80e-4b82-a17e-800e1a50c97b,AVIA,AVIA,Augsburger Str. 46,Ziemetshausen,86473,48.2901,10.5429,2.269,2.149,2.089,True
00061651-0001-4444-8888-acdc00000001,Tankstelle Hamberger Großmarkt GmbH,,Friedenstraße 16,München,81671,48.12665939331,11.606442451477,2.278,2.098,2.058,True
51d4b4a7-a095-1aa0-e100-80009459e03a,JET,JET,PETER-DOERFLER-STR. 2,AUGSBURG,86199,48.34789,10.87946,2.279,2.169,2.109,True
e69b8904-458c-e839-5d6a-0401d135a19a,ESSO,ESSO,DERCHINGER STR. 121,AUGSBURG,86165,48.38886217,10.93568802,2.279,2.199,2.139,True
35a30d6e-dc72-4fd9-b711-332cc52f0899,SB,SB,Salzstraße 10,Anger,83454,47.801597,12.865048,2.279,2.149,2.089,True
bf5ed9c7-f7d0-44b8-a80f-61e9fc6e08d5,AGIP ENI,AGIP ENI,Eichendorffstr. 20,Aschheim,85609,48.165625,11.7314,2.279,2.189,2.129,True
21dd9b06-baeb-44e0-ba1d-b55fb88ef6b1,BK,BK,Obere Inntalstr. 1,Bad Füssing,94072,48.331922,13.319585,2.279,2.159,2.099,True
ef57cb93-3d64-4689-9f78-143818a90127,ESSO,ESSO,Pockinger Str. 19,Bad Füssing,94072,48.362107,13.311599,2.279,2.159,2.099,True
18a40a05-6a99-492e-8c75-78ac18821dac,TotalEnergies,TotalEnergies,Lenggrieser Str. 87,Bad Toelz,83646,47.747856,11.565409,2.279,2.209,2.149,True
c06b9ab3-b2c4-4e88-9962-2491b9f8ff00,AGIP ENI,AGIP ENI,Lenggrieser Strasse 46,Bad Tölz,83646,47.75294,11.56134,2.279,2.169,2.109,True
84c799b4-7356-47cb-9c81-706efe71ef59,bft,bft,Hauptstr. 15,Balzhausen,86483,48.244416,10.494402,2.279,2.169,,True
b659a89e-6ac0-48fa-9620-0b205c332726,AGIP ENI,AGIP ENI,Kocheler Str. 11,Bichl,83673,47.717959,11.413374,2.279,2.169,2.109,True
ba89d85b-bf10-4cb7-82db-465141b78e7d,AVIA XPress,AVIA XPress,Gewerbestr. 1,Buch,89290,48.2313,10.1738,2.279,2.169,2.119,True
9d6dec60-2d02-ecf2-f646-34b9b4203581,SIT,SIT,Reithel 1,Dorfen,84405,48.25976998,12.16103643,2.279,2.139,2.109,True
00061429-b40c-4444-8888-acdc00000010,EDEKA,EDEKA,Bahnhofstraße 53,Dorfen,84405,48.269050598145,12.170960426331,2.279,2.139,2.109,True
e1ac35e1-0117-46bb-bec0-a052e6e7eddd,AVIA,AVIA,Hauptstr. 4a,Eching,85386,48.278345,11.67356,2.279,2.179,2.119,True
7e38e6ed-6e29-4bd2-bba1-8674739b5643,AGIP ENI,AGIP ENI,Dieselstrasse 16,Eching,85386,48.3072600683,11.6385605692,2.279,2.199,2.139,True
87160c26-a080-4c6d-9011-2eceb1bd495e,BayWa,BayWa,Dieselstr. 29,Eching,85386,48.312515,11.642827,2.279,,,True
b2bd0354-a05a-4204-8690-7e5de9a0048b,AGIP ENI,AGIP ENI,Am Kletthamer Feld 2,Erding,85435,48.30678,11.88637,2.279,2.169,2.109,True
765ea063-b104-4cb4-a8b1-f0387dc666a8,E+C,E+C,Rennweg 41,Erding,85435,48.31124,11.889902,2.279,2.159,2.119,True
00061017-0007-4444-8888-acdc00000007,Seitz Martin Tankstellen,Seitz Martin Tankstellen,Hauptstraße 34,Erdweg,85253,48.331123352051,11.306722640991,2.279,2.109,2.079,True
7abc2e59-5351-061a-e100-00000630df04,AGIP ENI,AGIP ENI,Zeppelinstrasse 16,Erolzheim,88453,48.088454,10.078859,2.279,2.139,2.079,True
db12f7e2-fc74-4fe6-8968-f30b62436ac1,ESSO,ESSO,HOHENLINDNER STR. 34,FELDKIRCHEN,85622,48.147003,11.736785,2.279,2.149,2.089,True
80ce1182-e40d-4765-bbb7-f48060768a23,AGIP ENI,AGIP ENI,Münchner Strasse 24/26,Fürstenfeldbruck,82256,48.176428,11.25946,2.279,2.199,2.139,True
cda32095-d4dc-4067-9664-9d80de8ac472,AGIP ENI,AGIP ENI,Muenchner Strasse 54,Gauting,82131,48.068958500025,11.388617366516,2.279,2.179,2.119,True
571ec35e-71d1-4d79-a5a4-c0e0329cf27b,AVIA XPress,AVIA XPress,Bahnhofstr. 105,Geltendorf,82269,48.11168,11.03607,2.279,2.169,2.109,True
610d4bf4-b1a1-4939-9a1f-d18c9f01a07d,AGIP ENI,AGIP ENI,Lise-Meitner-Strasse 2,Germering,82110,48.141191,11.369412,2.279,2.199,2.139,True
8131600b-0231-4c41-895e-b9b733125adc,TOTAL,TOTAL,Landsberger Str. 2,Germering,82110,48.136664,11.390956,2.279,2.199,2.139,True
005056a9-4231-1edc-bcbf-cc2024ba0724,AGIP ENI,AGIP ENI,Ulmer Str. 33,Gerstetten,89547,48.617572,10.024629,2.279,2.199,2.139,True
66e8ddfa-4d7e-44b7-9dbc-81c8a1c88034,Pinoil,Pinoil,Hauptstraße. 34,Gessertshausen,86459,48.329372,10.73033,2.279,2.139,2.079,True
aef348d4-c782-46e6-bc33-b601d076700d,AGIP ENI,AGIP ENI,Tegernseer Strasse 20,Gmund,83703,47.747439415718,11.73804212429,2.279,2.209,2.149,True
3bb87d5f-85b4-4206-ab88-58900c85d6d2,AGIP ENI,AGIP ENI,Südl.Münchener Str. 24 A,Grünwald,82031,48.044654388867,11.528159934169,2.279,2.179,2.119,True
94d08d21-9afd-464a-9a2e-1c04d6a2e616,AGIP ENI,AGIP ENI,Schlierseer Strasse 9,Hausham,83734,47.74636,11.84433,2.279,2.209,2.149,True
c345e7d2-91ae-4035-b786-cbc64ba7ce68,AGIP ENI,AGIP ENI,Rathausstr. 1,Hausham,83734,47.759697016759,11.828360754994,2.279,2.209,2.149,True
6ffb18d7-59ac-446b-bd04-db46533ee403,OIL!,OIL!,Lange Str. 98,Herbrechtingen,89542,48.6184,10.1823,2.279,2.149,2.089,True
7f5fce56-2251-4739-adec-35a7818754b8,ESSO,ESSO,Augsburger Str. 7,Horgau,86497,48.394558,10.6944,2.279,2.149,2.089,True
ce241717-6234-1ee9-9cec-d3c2c4ea01c3,JET,JET,SCHWEINEBACH 16,ISNY,88316,47.6862,10.02126,2.279,2.119,2.059,True
e72a4760-c262-fb9d-e100-00000630df04,AGIP ENI,AGIP ENI,Ulmer Str. 19,Illertissen,89257,48.225055,10.102681,2.279,2.189,2.129,True
7d147b50-229a-4ac4-8b38-17e7f4b3376b,ESSO,ESSO,Münchener Str. 47,Ismaning,85737,48.225592,11.671263,2.279,2.159,2.099,True
5c751aeb-d343-4e51-bd77-d0204dfce418,AGIP ENI,AGIP ENI,Muenchner Str. 57,Ismaning,85737,48.223357665253,11.669466114702,2.279,2.159,2.099,True
9f1b9e64-57af-4590-914b-3a3903b1e15f,FENEBERG,FENEBERG,Am Bühlberg 4,Isny,88316,47.703899383545,10.049710273743,2.279,2.119,2.059,True
318a922f-15d1-4526-a24d-d83d411d7bcd,AGIP ENI,AGIP ENI,Haidenbucher Strasse 2,Kaufering,86916,48.087728980641,10.856194751094,2.279,2.219,2.159,True
e40b72e5-626f-4660-bc39-60e7ea28f7b7,AGIP ENI,AGIP ENI,Schumacherring 96,Kempten,87437,47.73111,10.32634,2.279,2.109,2.049,True
8b243590-0c91-45dc-8439-806355c5c3b7,ESSO,ESSO,Memminger Str. 60,Kempten (Allgäu),87439,47.734508,10.310273,2.279,2.109,2.049,True
f8a5705a-1640-4fe3-b2a7-90b7da06143d,TOTAL,TOTAL,Bahnhofstraße 8,Kinsau,86981,47.88169,10.891462,2.279,2.219,2.159,True
bc590d50-fe46-45ed-a323-b77ee1861ba6,ESSO,ESSO,AUGSBURGER STR. 53,LANDSBERG,86899,48.062177,10.865923,2.279,2.219,2.159,True
29e4d593-c5b6-49eb-a23d-53a1668a18c3,AGIP ENI,AGIP ENI,Augsburger Str. 23,Landsberg,86899,48.057695881876,10.86800048531,2.279,2.219,2.159,True
00061055-0003-4444-8888-acdc00000003,S-TANK Langenpettenbach,S-TANK Langenpettenbach,Schrobenhauserstraße 1,Langenpettenbach,85229,48.380973815918,11.353499412537,2.279,2.119,,True
00060333-0001-4444-8888-acdc00000001,Tankstelle Zens GmbH,Tankstelle Zens GmbH,Tölzer Strasse 35,Lenggries,83661,47.687763214111,11.573185920715,2.279,2.129,2.099,True
94077e87-27e7-4ade-ac53-0b4ad086c6e4,AVIA XPress,AVIA XPress,In der Vorstadt 24,Leutkirch-Dieplodshofen,88299,47.8447,9.9416,2.279,2.119,2.059,True
51d4b6b2-a095-1aa0-e100-80009459e03a,JET,JET,GERTRAUD-KOELBL-STR. 2,MAISACH,82216,48.2167,11.27062,2.279,2.199,2.139,True
298ab794-5244-4a5f-8dbe-74c810c4c301,ESSO,ESSO,ALLACHER STR. 20,MUENCHEN,80992,48.171821,11.507127,2.279,2.179,,True
51d4b443-a095-1aa0-e100-80009459e03a,JET,JET,LANDSBERGER STR. 184,MUENCHEN,80687,48.14118,11.5224,2.279,2.159,2.099,True
123dd3f2-f551-4ecf-bda6-5b0be1a37005,BK,BK,Hauptstraße 9,Maisach,82216,48.217394,11.260684,2.279,2.199,2.139,True
00060293-0001-4444-8888-acdc00000001,Auto Walter KG,Auto Walter KG,Rosen Str. 2,Maisach,82216,48.221450805664,11.265246391296,2.279,2.149,,True
9229dcf0-fed9-486c-aaea-e141acd62208,AVIA XPress,AVIA XPress,Haager Strasse 20,Maitenbeth,83558,48.153734,12.092089,2.279,2.159,2.099,True
2fc36cf4-f3d6-4515-aa42-f86d3c1248e6,BK,BK,Burghauser Str. 2,Marktl,84533,48.253234,12.843499,2.279,2.149,2.089,True
a18c6171-3bb6-48d4-888f-5ba80d635c69,AGIP ENI,AGIP ENI,Türkenfelder Str. 2,Moorenweis,82272,48.14694,11.07282,2.279,2.169,2.109,True
32f30926-01dd-41aa-9e05-7820caafd24f,Bavaria Petrol,Bavaria Petrol,Bodenseestraße 317,München,81249,48.141186,11.413955,2.279,2.189,2.129,True
620ba28e-edf4-43d7-bca3-eb0612952475,ALLGUTH,ALLGUTH,Bodenseestr. 231,München,81243,48.142944,11.424927,2.279,2.189,2.129,True
acb2997b-57aa-4d55-a71b-c9f7d8eef71c,AGIP ENI,AGIP ENI,Verdistrasse 141,München,81247,48.164472415704,11.459228666155,2.279,2.189,2.129,True
5c260943-10ef-4129-8036-ad49ae5f35d5,AGIP ENI,AGIP ENI,Von-Kahr-Str. 62,München,80999,48.17759,11.46744,2.279,2.179,2.119,True
005056a9-779e-1ee9-b495-674d301b0801,STAR,STAR,Landsberger Straße 447,München,81241,48.145232,11.472481,2.279,2.159,2.099,True
62deee72-aaf3-4bd0-80e7-af9918b142ef,AGIP ENI,AGIP ENI,Dachauer Strasse 469,München,80993,48.1845378,11.5054179,2.279,2.199,2.139,True
2aa5a805-38a3-450c-b92b-f08c78a5fad4,TOTAL,TOTAL,Triebstraße 11e,München,80993,48.187601,11.530861,2.279,2.199,,True
3f3b93ba-2d43-4d99-9416-efe161961bbb,AGIP ENI,AGIP ENI,Neurieder Strasse 18,München,81475,48.08752,11.48429,2.279,2.199,2.139,True
8f9beb3d-c617-47f1-08f7-cccb612a7dce,Süd-Treibstoff Tankstelle,Süd-Treibstoff Tankstelle,Dülfer Str. 52,München,80995,48.214985,11.546335,2.279,2.139,,True
47b6c7c4-65fe-4ad5-8aab-3969e53a084c,AGIP ENI,AGIP ENI,Boschetsrieder Str. 162,München,81379,48.099,11.50711,2.279,2.219,2.159,True
a07b7f50-6e6f-4e6e-9bce-17d79bf0778c,Bavaria Petrol,Bavaria Petrol,Zielstattstraße 8a,München,81379,48.103245,11.533475,2.279,2.209,2.149,True
26d1059f-e9f0-4911-8474-9693f76a6fec,AGIP ENI,AGIP ENI,Impler Str. 21,München,81371,48.122377853127,11.548642150647,2.279,2.169,2.109,True
b617fc5f-e468-4238-b9ba-62bf07bbb027,AGIP ENI,AGIP ENI,Herterichstrasse 111,München,81477,48.07513,11.51092,2.279,2.199,2.139,True
f96b0d2b-c33b-4d8e-a08b-6a9e2f3c657a,AGIP ENI,AGIP ENI,Josephspitalstrasse 12,München,80331,48.136641,11.56622,2.279,2.169,2.109,True
0a404032-7c67-4769-aeb6-2e153747c1f2,Bavaria Petrol,Bavaria Petrol,Ingolstädter Straße 59,München,80939,48.19296,11.58364,2.279,2.129,2.069,True
d2f097c6-08b3-41bc-a6c8-b97743d12a8f,AGIP ENI,AGIP ENI,Wolfratshauser Str. 232,München,81479,48.07575912255,11.523800278048,2.279,2.199,2.139,True
41c5eac2-7a17-46d8-90fe-d0a8c56db5fc,BK,BK,Baader Str. 6,München,80469,48.133114,11.580943,2.279,2.159,2.099,True
d5824a68-07fe-405a-ac50-d7cf7314c5ce,AVIA,AVIA,Hochstr. 5,München,81669,48.1300358,11.5891375,2.279,2.159,2.099,True
bcef8473-305c-4617-aa90-a87a459786ee,ESSO,ESSO,Freisinger Landstr. 26,München,80939,48.191108,11.620301,2.279,2.139,2.079,True
e2b1503f-6be0-4f7b-979f-b105f3ab28c9,ESSO,ESSO,Freisinger Landstr. 9,München,80939,48.191004,11.618187,2.279,2.139,2.079,True
6eaab5b6-646e-4439-81fc-ce5005259a15,ESSO,ESSO,Cosimastr. 10,München,81927,48.155721,11.630058,2.279,2.159,2.099,True
9fbe97d3-82bc-4b3b-b3d0-d8818e4e01b2,AVIA,AVIA,Friedrich-Eckart-Str. 39,München,81929,48.1449,11.6395,2.279,2.179,2.119,True
b84b16c1-2dad-4ed0-8823-916d8ed954bf,ESSO,ESSO,Heinrich-Wieland-Str. 97,München,81735,48.112823,11.647986,2.279,2.169,2.109,True
0e630d02-c047-4bc4-b7f4-66450b4ffd67,AGIP ENI,AGIP ENI,Quiddestraße 31,München,81735,48.108842,11.639986,2.279,2.169,2.109,True
f3aacba3-28e5-4413-acfa-871464c726c0,AGIP ENI,AGIP ENI,Innsbrucker Ring 149,München,81669,48.114350947858,11.61760989143,2.279,2.189,2.129,True
e11f150d-dddc-417f-9ce6-1d0252c3c717,AVIA,AVIA,Innsbrucker Ring 153,München,81669,48.113757,11.617128,2.279,2.189,2.129,True
41d21507-a552-4311-873a-d0a2143292af,ESSO,ESSO,Ottobrunner Str. 116,München,81737,48.102683,11.625403,2.279,2.169,2.109,True
053e91b0-d3ea-444b-af86-3d214d05c5c1,AGIP ENI,AGIP ENI,Bahnhofstrasse 47,Neumarkt/St.Veit,84494,48.359316614172,12.501802513519,2.279,2.149,2.089,True
00060861-0006-4444-8888-acdc00000006,Seitz Martin Tankstellen,Seitz Martin Tankstellen,Münchner Straße 9,Niederroth,85229,48.32597732544,11.3884973526,2.279,2.109,2.079,True
3b4f1b17-7624-4fd6-9e86-98bc572d52eb,AVIA,AVIA,Bahnhofstr. 22,Niederstotzingen,89168,48.536127,10.236956,2.279,2.139,2.079,True
d0ecf741-b534-4ed2-8e49-2b377638105f,AVIA,AVIA,Raiffeisenalle 7,Oberhaching,82041,48.032628,11.584414,2.279,2.139,2.079,True
87733c06-c243-45ce-ad20-f0a41646a745,AVIA XPress,AVIA XPress,Staufner Straße 2,Oberreute,88179,47.56434,9.944539,2.279,2.109,2.049,True
6c7d35e4-8dbc-4776-a6c1-101ea08d6f6c,AVIA,AVIA,Ludwig-Maier-Weg 2,Oberstaufen,87534,47.56467,10.01564,2.279,2.109,2.049,True
345cae67-58b7-49e3-858c-3b58a9f75ffe,ESSO,ESSO,Immenstädter Str. 5,Oberstaufen,87534,47.555313,10.025582,2.279,2.109,2.049,True
3411e340-1e51-445b-c3cf-a8535c2063e1,freie Tankstelle,freie Tankstelle,Laupheimer Strasse 21,Ochsenhausen,88416,48.11253,9.94698,2.279,2.139,2.099,True
b7bb1e28-66fc-4a5f-8244-e57ceeb9b731,REWE-Tankstelle,REWE-Tankstelle,Hermann-Böcker-Straße 13,Olching,82140,48.221388,11.329902,2.279,2.179,2.129,True
d96604a1-0ed7-4882-a292-0ab5436914c2,AGIP ENI,AGIP ENI,Bahnhofstr. 1,Planegg,82152,48.101858537077,11.426278178278,2.279,2.179,2.119,True
78b2b2ea-32fd-46ec-8523-77384860f9d3,ESSO,ESSO,SUEDLICHE HAUPTSTR. 16,ROTTACH-EGERN,83700,47.689252,11.767124,2.279,2.219,2.159,True
2e19bd63-53d3-4617-a997-4447bb0fcf6a,AVIA,AVIA,Dorfstraße 16,Rettenbach am Auerberg,87675,47.77626,10.75109,2.279,2.159,,True
57861146-40bf-4231-ba1a-2db4c7ee66df,AGIP ENI,AGIP ENI,Hubertusstrasse 9,Rosenheim,83022,47.855971678089,12.110580426176,2.279,2.179,2.119,True
ce8fefd6-070c-4b99-8c5b-f24c06f00b6a,Kaufland,Kaufland,Äußere Münchner Str. 100,Rosenheim,83026,47.8485,12.0918,2.279,2.159,2.099,True
492294ce-7213-4204-95a1-8c0e6b8a7387,ESSO,ESSO,Renkenweg 1,Rosenheim,83026,47.843253,12.082456,2.279,2.169,2.109,True
00060558-0005-4444-8888-acdc00000005,Seitz Martin Tankstellen,Seitz Martin Tankstellen,Schlammerstraße 1,Röhrmoos,85244,48.33472442627,11.438884735107,2.279,2.109,2.079,True
96f33206-b762-499c-ac26-a24ca4d799df,ESSO,ESSO,Tannenberger Str. 2,Schongau,86956,47.80695,10.873391,2.279,2.219,2.159,True
8ed0d774-310b-4e49-815b-3879e89ba83c,BayWa,BayWa,Mailinger Strasse 9,Schönau,83104,47.950586,11.968211,2.279,2.129,2.069,True
2b3e26cf-3240-4979-8334-057634701b67,PIN Service-Station,PIN Service-Station,Haydnstraße 3,Senden,89250,48.328297,10.042008,2.279,2.129,2.069,True
ea008760-453a-4ca7-b6df-8c30196a593d,BS Tank,BS Tank,Handwerkerstr. 5,Söchtenau,83139,47.897512,12.223092,2.279,2.169,2.129,True
364670ea-3d6c-448b-98e1-38c3b2bedb41,AGIP ENI,AGIP ENI,Lindenring 5,Taufkirchen,82024,48.0521,11.60575,2.279,2.119,2.059,True
909c0d97-6f33-4373-b9da-f7c7500c7c5b,AGIP ENI,AGIP ENI,Schwaighofstrasse 93,Tegernsee,83684,47.694307,11.772275,2.279,2.219,2.159,True
9826b023-5719-48c0-9571-e16641777879,Bavaria Petrol,Bavaria Petrol,Grünwalder Weg 42,Unterhaching,82008,48.056847,11.599591,2.279,2.099,2.039,True
de4ab744-fb65-4998-8666-bbf110e42dcd,AGIP ENI,AGIP ENI,Muenchner Str. 121A,Unterhaching,82008,48.074179551487,11.604503513993,2.279,2.189,2.129,True
fe50b4a5-84c9-4812-a0b7-4b29f589e1e2,AGIP ENI,AGIP ENI,Albert-Schweitzer-Str. 68,Unterhaching,82008,48.082864463563,11.60232256796,2.279,2.189,2.129,True
900fc4ef-a973-4baf-981d-ab86b0c199c2,AGIP ENI,AGIP ENI,Bezirksstraße 29,Unterschleißheim,85716,48.281759548411,11.575788998547,2.279,2.199,2.139,True
51d4b5f9-a095-1aa0-e100-80009459e03a,JET,JET,PUETRICHSTR. 22,WEILHEIM,82362,47.8421,11.1465,2.279,2.129,2.069,True
8eb4ceb1-abbe-4ac1-b23a-77b890fa1d89,FENEBERG,FENEBERG,Ahornweg 1,Waltenhofen,87448,47.683891296387,10.308460235596,2.279,2.109,2.049,True
55343159-7746-cc44-e100-00000630df04,AGIP ENI,AGIP ENI,Reitham 51,Warngau,83627,47.816196,11.71324,2.279,2.199,2.139,True
00060389-0002-4444-8888-acdc00000002,Seitz Martin Tankstellen,Seitz Martin Tankstellen,Münchner Straße 19,Weichs,85258,48.378456115723,11.410413742065,2.279,2.099,2.089,True
d59467f1-5bc3-4506-96b7-c7a340d803ab,AVIA,AVIA,Alois-von-Brinz-Straße 3,Weiler-Simmerberg,88171,47.58292,9.917872,2.279,2.109,2.049,True
59c2925b-5b55-4e28-8ecc-62b694eb8735,AVIA,AVIA,Bregenzer Straße 95,Weiler-Simmerberg (Bremenried),88171,47.579833,9.901541,2.279,2.109,2.049,True
00060251-0012-4444-8888-acdcffffffff,AVIA,AVIA,Kempter Str. 11,Wiggensbach,87487,47.747703552246,10.239517211914,2.279,2.129,2.069,True
1504045c-c2e0-b76c-e100-00000630df04,AGIP ENI,AGIP ENI,Am Mühlbach 1,Zeilarn,84367,48.291949,12.851656,2.279,2.189,2.129,True
739d86f2-83c4-4829-8b6a-e1b05d9415e2,ESSO,ESSO,BAHNHOFSTR. 21,BERCHTESGADEN,83471,47.63011244,13.00394508,2.289,2.189,2.129,True
17fb9c8f-82c9-4ec7-90ea-e067c49a12b9,ESSO,ESSO,ROSENHEIMER STR. 80,BRANNENBURG,83098,47.740812,12.10384,2.289,2.129,2.069,True
4c7b7a7f-d642-4bcd-8d29-eec72cbbd2a2,BK,BK,Münchner Straße 29,Bad Aibling,83043,47.866146,12.003221,2.289,2.179,2.119,True
5c1999da-6a2b-49d3-bfda-964ee09fd2f5,ESSO,ESSO,Gewerbegebiet 10,Bad Endorf,83093,47.917281,12.293155,2.289,2.179,2.119,True
43c1f2af-a0f0-46f2-a14c-425cf9af1876,Freie Tankstelle,Freie Tankstelle,Kocheler Straße 26,Bad Heilbrunn,83670,47.741325,11.452968,2.289,2.159,2.099,True
bdb12c34-72a3-4512-a856-50ae39dcc08e,BK,BK,Von-Hindenburg-Allee 12,Berchtesgaden,83471,47.627883,12.995864,2.289,2.189,2.129,True
de440f65-d6f6-468c-999b-05b528ee2f29,AVIA XPress,AVIA XPress,Kaufbeurener Str. 25,Biessenhofen,87640,47.8092,10.6092,2.289,2.109,2.049,True
e1393453-9d11-7020-e100-00000630df04,AGIP ENI,AGIP ENI,Reichenhaller Strasse 20,Bischofswiesen,83483,47.669505690892,12.943069338798,2.289,2.199,2.139,True
94e5867f-c967-4488-abcd-80a7d452378a,AGIP ENI,AGIP ENI,Silbergstrasse 91 A/B 20,Bischofswiesen - Strub,83483,47.629646866288,12.960030661298,2.289,2.199,2.139,True
0186b46d-eeba-4a5a-8982-76be5acf8dee,Bavaria Petrol,Bavaria Petrol,Eugen-Sänger-Ring 1,Brunnthal,85649,48.043034,11.664318,2.289,2.099,2.039,True
1751cfc6-1b1b-4719-ba59-7598e8aa86f9,BayWa,BayWa,Von-Bolstatt-Str. 10,Buchloe,86807,48.029613,10.710847,2.289,2.109,2.049,True
76efd252-5059-4aee-9577-48fcf95e8327,AVIA XPress,AVIA XPress,Raiffeisenstr. 3,Dietmannsried,87463,47.80403,10.29927,2.289,2.119,2.059,True
703dec07-b694-43f6-a844-d65404f7e5ee,AGIP ENI,AGIP ENI,Haager Strasse 41,Dorfen,84405,48.270012,12.154738,2.289,2.169,2.109,True
7fcad90f-1761-48ad-afc5-157befd7d2e1,ESSO,ESSO,AMPERTAL 1,FAHRENZHAUSEN,85777,48.348772,11.564102,2.289,2.199,2.139,True
2a3a5cd0-3052-4ff9-98b1-fb766cd5562a,BK,BK,Hauptstr. 3,Feichten,84450,48.081913,12.595864,2.289,2.159,2.099,True
939f06e5-7757-4673-998b-e5d10ea516c7,AVIA,AVIA,Hauptstraße 35,Gars a. Inn,83536,48.15561,12.27502,2.289,2.169,2.109,True
628d8b6e-809e-40b9-4d49-6b370c589788,Freie Tankstelle Schwägerl-Bäde,Freie Tankstelle Schwägerl-Bäde,Böhmerwaldstr. 23,Geretsried,82538,47.876258,11.470072,2.289,2.139,,True
44ca1163-2610-4621-8e55-9b6a4fb3aaa2,PIN Service-Station,PIN Service-Station,Hauptstraße 12,Germaringen,87656,47.924225,10.668928,2.289,2.139,2.079,True
a9614f53-7a11-4c5a-b7d7-d055dd006f36,ESSO,ESSO,MUENCHENER STR. 41,HAAG IN OBERBAYERN,83527,48.163318,12.172225,2.289,2.169,2.109,True
66a2ab41-7f8d-4167-b83c-59a114975b0d,TotalEnergies,TotalEnergies,Am Schachenfeld 1,Haag,83527,48.165184,12.163585,2.289,2.169,2.109,True
32032dbe-acbd-4694-8f7b-6ec9f748c9d6,AVIA,AVIA,Kemptener Straße 49,Heimenkirch,88178,47.62703,9.911002,2.289,2.119,2.059,True
0fda3454-8a16-45ab-8044-c147829493e0,TotalEnergies Truckstop,TotalEnergies Truckstop,Leitschaecker 2,Illertissen,89257,48.219785,10.127472,2.289,2.189,2.129,True
51d4b4a1-a095-1aa0-e100-80009459e03a,JET,JET,FUESSENER STR. 27,KAUFBEUREN,87600,47.87035,10.62913,2.289,2.109,2.049,True
51d4b543-a095-1aa0-e100-80009459e03a,JET,JET,SUDETENSTR. 38,KAUFBEUREN,87600,47.902,10.63941,2.289,2.109,2.049,True
0371b905-12ea-4be6-add0-55fa41254908,ESSO,ESSO,ADENAUERRING 20,KEMPTEN,87437,47.736617,10.311316,2.289,2.179,2.119,True
51d4b6bc-a095-1aa0-e100-80009459e03a,Supermarkt-Tankstelle,Supermarkt-Tankstelle,GERMANENSTR. 16,KOENIGSBRUNN,86343,48.28648,10.88908,2.289,2.149,2.089,True
cd8ba6a6-856e-1ed6-9c90-e3991091c55b,JET,JET,LUITZENMUEHLE 5,KRAFTISRIED,87647,47.77683,10.47656,2.289,2.119,2.059,True
14a16919-47ff-43bd-ab07-fbf5f6b6c08f,HEM,HEM,Neugablonzer Straße 101,Kaufbeuren,87600,47.891686,10.635942,2.289,2.099,2.049,True
cf9bbafa-b256-4de9-8cd3-90156ef7d119,ESSO,ESSO,Bahnhofstr. 53,Kempten (Allgäu),87435,47.718158,10.314017,2.289,2.109,2.049,True
d2838dea-4fb1-4e48-991d-c9ad89646e40,Bavaria Petrol,Bavaria Petrol,Augsburger Straße 38,Landsberg,86899,48.05903,10.868068,2.289,2.209,2.149,True
a170c56a-ea2d-4e72-b424-f60d75181307,Gruber Freie Tankstelle,Gruber Freie Tankstelle,Erdinger Straße 24,Landsham,85652,48.188352,11.77869,2.289,2.129,2.069,True
19a36bac-ea1e-42b2-b7cd-c9f0fa8d0bd1,ESSO,ESSO,WASSERBURGER LANDSTR. 292,MUENCHEN,81827,48.11079725,11.71430291,2.289,2.169,,True
f0686712-bcfb-40c8-a2eb-9fbb48a24aa3,ESSO,ESSO,LORTZINGSTR. 20,MUENCHEN,81241,48.148871,11.455071,2.289,2.169,2.109,True
d9babca4-6d00-4d08-81ca-421a3329b83a,ESSO,ESSO,WALDWIESENSTR. 39,MUENCHEN,81375,48.117461,11.478291,2.289,2.179,2.119,True
b274766d-4551-4348-9ab7-ffce58ee469c,ESSO,ESSO,WUERMTALSTR. 97,MUENCHEN,81375,48.114836,11.480826,2.289,2.179,2.119,True
90295382-9fae-42c2-b84d-1bfac2545fb5,AGIP ENI,AGIP ENI,Thal 11,Maitenbeth-Thal,83558,48.152753252935,12.089514664894,2.289,2.169,2.109,True
248f0f7e-9ad0-4b4c-9cac-b267e6b30eb1,BFT,BFT,Hauptstr. 2,Marktschellenberg,83487,47.696555,13.047097,2.289,2.189,2.129,True
137c96b3-120d-4274-8bdf-ea90d9f9a999,Schindele Handels GmbH & Co. KG,,Oberbrühlstr. 3,Memmingen,87700,47.972733,10.184408,2.289,2.159,2.099,True
1139d3ef-627c-4b5e-8973-d82837da521e,DELTIN,DELTIN,Seehauserstr. 11,Murnau,82418,47.684597015381,11.192988395691,2.289,,,True
a0e00e71-fa8e-4ad0-bd17-24c0e0baa6e5,Bavaria Petrol,Bavaria Petrol,Amalienburgstraße 20,München,81247,48.164318,11.488541,2.289,2.159,2.099,True
b25178ed-e3b5-48f9-971b-464cbc48c1c5,Freie TS,Freie TS,Bahnhofstr. 65,Neumarkt St. Veit,84494,48.35575,12.49667,2.289,2.149,2.089,True
51d4b6bd-a095-1aa0-e100-80009459e03a,JET,JET,GEISELBULLACHER STR. 1,OLCHING,82140,48.22349,11.3368,2.289,2.199,2.139,True
16f46816-2141-41d4-b1d3-5ab808f1484d,BK,BK,Münchner Str. 12,Oberpframmern,85667,48.023262,11.810899,2.289,2.139,2.079,True
8a343d15-832d-40a4-9da4-e4a7267b8d0d,Q1,Q1,Johann-G.-Gutenberg-Straße 1,Olching,82140,48.199419,11.3361,2.289,2.179,2.129,True
6efb6909-7a8d-4e5d-ae70-1ce84dba7d7c,ALLGUTH,ALLGUTH,Geiselbullacher Str. 7,Olching,82140,48.22589,11.334475,2.289,2.199,2.139,True
64cc4dd1-1473-4404-83e8-bb816df582c9,Gruber Freie Tankstelle,Gruber Freie Tankstelle,Rosenheimer Landstraße 50,Ottobrunn,85521,48.063716,11.661821,2.289,2.099,,True
1cf17a0c-0091-4ea4-a12d-3ccf944c1947,Bavaria Petrol,Bavaria Petrol,Unterhachinger Straße 28a,Ottobrunn,85521,48.063145,11.652012,2.289,2.099,2.039,True
309823ca-2297-40fa-b57e-c8eab590bba9,Sprint,Sprint,Rosenheimer Landstraße 26,Ottobrunn,85521,48.068504,11.657963,2.289,2.129,2.069,True
cd8ba6a6-7f37-1ed4-9fe4-b37155d7cc7b,JET,JET,AM MOOSBERG 1,PFORZEN,87666,47.93336,10.60749,2.289,2.109,2.049,True
1e6501e1-aafa-4f77-8359-bbc6d1aad222,BK,BK,Im Tal 24,Ramsau bei Berchtesgaden,83486,47.606794,12.904283,2.289,2.189,2.129,True
1998bec6-b339-4061-9e99-c270be8209d6,AVIA,AVIA,Dorfstr. 2,Rot an der Rot,88430,47.9729,10.0502,2.289,2.149,2.089,True
290a6836-2191-4b72-85e3-8b344a3bb3b6,BayWa,BayWa,Oberhäuser 1,Röthenbach,88167,47.625191,9.947703,2.289,2.119,2.059,True
51d4b484-a095-1aa0-e100-80009459e03a,JET,JET,WEILHEIMER STR. 17,SEESHAUPT,82402,47.82629,11.29781,2.289,2.119,2.059,True
f9c512d0-23ac-4992-eef7-cd9206512dcc,Freie Tankstelle Feher,Freie Tankstelle Feher,Miesbacher Str. 10a,Schliersee,83727,47.737221,11.859855,2.289,2.169,2.129,True
38312117-5eab-4606-8098-e55a62307a32,Freie Tankstelle,Freie Tankstelle,Berchtesgadener Str. 20,Schneizlreuth,83458,47.718701,12.772302,2.289,2.159,2.099,True
56b46d12-9b37-457a-af36-b170356f49f6,BayWa,BayWa,Landsberger Str. 10,Schondorf am Ammersee,86938,48.054714,11.088136,2.289,2.149,2.089,True
74832731-b260-427e-ada9-2d393255706f,BayWa,BayWa,Thurnu. TaxisStr. 1,Schwabmünchen,86830,48.17911,10.76752,2.289,2.149,2.089,True
02f7b4a2-98f0-4c9a-8cf7-b3f2fc4a1411,ARAL,ARAL,Muenchner Straße 50,Simbach,84359,48.262978,13.016449,2.289,2.159,2.099,True
8f7c6ec7-a668-480b-99d9-7dbe561dfc9d,AGIP ENI,AGIP ENI,Gewerbestrasse 3,St.Wolfgang,84427,48.212353902666,12.134124056839,2.289,2.179,2.119,True
340f434d-d973-48cd-930e-fd36bb46d124,ALLGUTH,ALLGUTH,Leutstettener Str. 17,Starnberg,82319,48.0052968,11.3491297,2.289,2.129,2.069,True
e3afe9aa-5d1a-4661-8c18-ebdeb230131c,SEEL,SEEL,Carl-Zeiss-Strasse 16,Thannhausen,86470,48.28845,10.45632,2.289,2.139,2.079,True
f40800d5-dd31-43a3-a9df-5322bea0dc58,AVIA,AVIA,Bucher Straße 2,Unterroth,89299,48.1982,10.1754,2.289,2.179,2.129,True
51d4b64f-a095-1aa0-e100-80009459e03a,JET,JET,HERZMANNS 1A,WALTENHOFEN,87448,47.6483,10.29394,2.289,2.119,2.059,True
86324f67-0c8d-4d40-9a8f-a83f1205aef5,ESSO,ESSO,ALPENSTR. 13,WEILHEIM,82362,47.832063,11.146121,2.289,2.149,2.089,True
fb0290d2-2d9a-4f19-a26f-77796c76535a,Pinoil,Pinoil,Alpenstraße 5,Weilheim,82362,47.83567,11.143747,2.289,2.139,2.079,True
28008ffd-4ab5-45a0-9816-655f78b357cc,AGIP ENI,AGIP ENI,Pütrichstrasse 29,Weilheim,82362,47.84385,11.14761,2.289,2.139,2.079,True
52d4c0d4-925e-4d99-8d94-0b50ad9b7eb1,AGIP ENI,AGIP ENI,Zur Eisenschmiede 2,Weitnau/Hofen,87480,47.656658,10.088539,2.289,2.139,2.079,True
ef32dd0b-25e4-4396-8d70-5da0f95ba05f,bft-Tankstelle Vogl,bft-Tankstelle Vogl,Schongauer Str. 17,Peissenberg,82380,47.793619,11.063541,2.294,2.204,2.144,True
2fed8d8c-dbeb-4a25-b561-7fc0c5e70a0a,CU24h,CU24h,Hauptstraße 58,Huglfing,82386,47.769518,11.154926,2.298,2.168,2.108,True
02adbe9f-3b8c-4d8c-b673-51e29d301fd7,Globus Baumarkt Betriebsstätte Königsbrunn,,Messerschmittring 22,Königsbrunn,86343,48.25629,10.86856,2.298,2.158,2.098,True
c1f016a8-1396-4e15-bf2e-1da0a8fc3280,V-Markt,V-Markt,Maria-Probst-Straße 6,München,80939,48.191096,11.585969,2.298,2.098,2.038,True
8185cb0e-6dcf-42ad-a5e9-c63209564c96,V-Markt,V-Markt,Balanstr. 50,München,81541,48.122192,11.597927,2.298,2.098,2.038,True
fd305ed6-2050-4af0-beda-e2f3c1565bd6,AVIA XPress,AVIA XPress,Hauptstraße 7,Adelzhausen,86559,48.35626,11.13783,2.299,2.169,2.109,True
5603b5cf-e657-44a5-87d8-e0dfd141e313,ARAL,ARAL,Gilchingerstraße 31,Alling,82239,48.1381,11.299389,2.299,2.209,2.149,True
9d296741-8247-4a5f-be34-4aafe9e36a2c,AVIA XPress,AVIA XPress,Augsburger Straße 1,Althegnenberg,82278,48.23446,11.06273,2.299,2.119,2.059,True
00060437-0001-4444-8888-acdc00000001,Easy Sprit,Easy Sprit,Münchner Strasse 21,Althegnenberg,82278,48.234310150146,11.070441246033,2.299,2.119,2.059,True
29b2c05b-a0ba-455f-b37a-d3c171358f31,ESSO,ESSO,Aichacher Str. 13,Altomünster,85250,48.384692,11.250676,2.299,2.139,2.079,True
68dc37df-9a47-44fe-92c9-52839a591d25,ARAL,ARAL,Kemptener Straße 43,Altusried,87452,47.801888,10.225011,2.299,2.149,2.089,True
d3ef2892-11b5-4032-adf9-13cf2206f726,ESSO,ESSO,Münchener Str. 11,Anzing,85646,48.151211,11.851106,2.299,2.139,2.079,True
00060207-0008-4444-8888-acdcffffffff,AVIA,AVIA,Stephanusstr. 16,Argenbühl-Eisenharz,88260,47.689670562744,9.9547700881958,2.299,2.139,2.079,True
8de57a59-421d-497f-ab87-2c49ac2e1518,ARAL,ARAL,Inninger Straße 99,Augsburg,86179,48.309544,10.890455,2.299,2.179,2.119,True
ec0130cc-a9fd-459f-9cb7-ccb7d46b03d8,Bavaria Petrol,Bavaria Petrol,Landsberger Straße 38a,Augsburg,86179,48.312374,10.907857,2.299,2.159,2.099,True
fa112597-8f63-40ce-b46a-91d4c15cc1c6,ARAL,ARAL,Haunstetter Straße 139 1/2,Augsburg,86161,48.333733,10.908119,2.299,2.179,2.119,True
4f0760d6-d851-4e55-8f5c-89afa42298bf,ARAL,ARAL,Edisonstraße 14 a,Augsburg,86199,48.344738,10.885279,2.299,2.179,2.119,True
71734f3a-bc67-4bfc-ad1c-a1ee1b73b7e3,ARAL,ARAL,Haunstetter Straße 75,Augsburg,86161,48.346275,10.905344,2.299,2.179,2.119,True
303a89df-d225-4624-9bdf-0347fb994535,ARAL,ARAL,Friedberger Straße 47 1/4,Augsburg,86161,48.35563,10.919002,2.299,2.199,2.139,True
234f1c8c-a6b5-4768-810e-a208a4943766,ARAL,ARAL,Kobelweg 64 1/4,Augsburg,86156,48.385635,10.851188,2.299,2.179,2.119,True
495a4c13-ac8e-444e-882b-d1e426db052f,ARAL,ARAL,Stätzlinger Straße 86,Augsburg,86165,48.3782,10.937471,2.299,2.199,2.139,True
0207747f-3a25-4470-aeb3-643cd9e1bf5b,ARAL,ARAL,Aindlinger Strasse 11,Augsburg,86167,48.392693,10.933418,2.299,2.179,2.119,True
ee973775-7db4-45aa-b3e5-615eeb64fe78,Freie Tankstelle,Freie Tankstelle,Miesbacher Straße 4,Bad Feilnbach / Au,83075,47.79833,11.97295,2.299,2.159,,True
f322f211-cf3c-4077-b083-7bdbcfc70465,ESSO,ESSO,Kaufbeurer Str. 38,Bad Wörishofen,86825,48.002322,10.604286,2.299,2.129,2.069,True
40ef51e0-f347-47e0-bb77-cd97fa695715,ESSO,ESSO,Türkheimer Str. 20,Bad Wörishofen,86825,48.010135,10.598885,2.299,2.129,2.069,True
2ff08f41-6790-4e3e-996c-156d2d6b1e88,RAN,RAN,Kurt-Mühlen-Str. 2,Blaustein,89134,48.4115,9.9217,2.299,2.159,2.099,True
c5504513-6920-4135-a8fb-a133c43553bd,ARAL,ARAL,Schalmeistraße 2,Bobingen,86399,48.279163,10.840743,2.299,2.169,2.109,True
265e52da-a749-4517-9ba0-0566e9eaa33c,BK,BK,Sonnenwiechserstr. 43,Bruckmühl,83052,47.883651,11.927123,2.299,2.179,2.119,True
cd8ba6a6-737b-1ee4-8b93-5b23e811189e,JET,JET,LERCHENBERGSTR. 7,DORNSTADT,89160,48.46587,9.94748,2.299,2.169,2.109,True
b1a4c862-e70a-431f-a168-b523f23f63a1,ARAL,ARAL,Heisinger Straße 25,Dietmannsried,87463,47.806843,10.296286,2.299,2.149,2.089,True
944d2525-4cb4-4a53-9cbe-d80f6a9bbd3a,TotalEnergies,TotalEnergies,Fuessener Str. 2A,Durach,87471,47.699386,10.3415,2.299,2.149,2.089,True
51d4b467-a095-1aa0-e100-80009459e03a,JET,JET,NERSINGER STR. 28,ELCHINGEN,89275,48.44794,10.09951,2.299,2.179,2.119,True
db482d9a-3154-4886-90c9-5ddc26ff49aa,ARAL,ARAL,Untere Hauptstraße 11,Eching,85386,48.29818,11.625084,2.299,2.199,2.139,True
2aee05b5-d1fe-46ed-9e41-82528bbd9f28,Kaufland,Kaufland,Lindhofstr. 10,Eggenfelden,84307,48.398354,12.761518,2.299,2.179,2.119,True
6b139a14-117f-452f-b571-97b46214aae5,HEM,HEM,Oberer Luß 2,Erbach,89155,48.329973,9.901369,2.299,2.129,2.069,True
d11f2fdf-b096-4192-a557-fa6a48446314,ARAL,ARAL,Sigwolfstraße 2,Erding,85435,48.31487,11.892567,2.299,2.179,2.119,True
ea323b55-089f-4293-91fc-49cbb6c60035,ESSO,ESSO,ERDINGER STR. 5,FINSING,85464,48.222088,11.802614,2.299,2.139,2.079,True
76c8b904-e5b5-495c-b89f-9959a93f0f7d,Globus SB Warenhaus,Globus SB Warenhaus,Traunsteiner Str. 6,Freilassing,83395,47.82654,12.96091,2.299,2.099,2.039,True
4c256dc7-5995-4f7f-9b14-5eb222067462,ARAL,ARAL,Isarstraße 3,Freising,85356,48.397457,11.75929,2.299,2.169,2.109,True
e4e50be1-a0dd-4d07-95d9-de4d6573cc17,ARAL,ARAL,Aichacher Straße 26,Friedberg,86316,48.361404,10.98779,2.299,2.169,2.109,True
ec33fb03-8bd0-4379-bbb8-56ea69ccb2bc,AVIA,AVIA,Hauptstraße 1,Friesenried,87654,47.87589,10.53973,2.299,2.119,2.059,True
8fec9d65-531f-447f-b2ef-4fafa4c094a4,ARAL,ARAL,Zadarstrasse 11,Fürstenfeldbruck,82256,48.177532,11.227286,2.299,2.199,2.139,True
0ea2f653-bce6-4e71-80b2-8cf7c893ba54,ARAL,ARAL,Münchener Straße 42,Gauting,82131,48.06795,11.387237,2.299,2.179,2.119,True
b84564d0-79ac-4574-a371-9b8a6b140ee1,AVIA,AVIA,Kastenseestr. 6,Glonn,85625,47.987761,11.863152,2.299,2.139,2.079,True
3623916c-b672-4056-b87a-9d77a6caf48b,TopTank,TopTank,Lindauer Str. 10,Großaitingen,86845,48.227312,10.780753,2.299,2.159,2.099,True
5de4ac1e-69d6-4dd7-b5cf-eed0208f8214,ARAL,ARAL,Münchener Straße 16,Haar,85540,48.10854,11.722106,2.299,2.169,2.109,True
63981d4f-ee3c-442a-9e60-930aa69f2cad,ARAL,ARAL,Miesbacher Straße 33,Holzkirchen,83607,47.875805,11.710166,2.299,2.169,2.109,True
ac9b497a-2c8d-49b4-9254-da6f906229d9,JET,JET,BRUCKERSTR. 32 A,INNING AM AMMERSEE,82266,48.08827,11.15114,2.299,2.159,2.099,True
92f5dbe7-2110-4e2d-a88c-23835cc904bf,ESSO,ESSO,An der Alten Ziegelei 4,Illerberg,89269,48.285357,10.116364,2.299,2.179,2.119,True
4aa24fe9-b4c4-4d18-b826-4bb2caef149b,V-Markt,V-Markt,Saumweg 19,Illertissen,89257,48.23068,10.10018,2.299,2.119,2.059,True
cfdd36a1-5cec-4401-9c06-062d04b8fa09,ARAL,ARAL,Bruckerstraße 34 a,Inning,82266,48.08877,11.150987,2.299,2.169,2.109,True
00060971-0044-4444-8888-acdcffffffff,AVIA,AVIA,Neutrauchburger Straße 11,Isny,88316,47.698345184326,10.041385650635,2.299,2.139,2.079,True
49557c08-c47f-47af-8609-4e19b5fdc079,ESSO,ESSO,SUDETENSTR. 28,KAUFBEUREN,87600,47.900922,10.640273,2.299,2.099,2.059,True
b942c59f-8ede-4edb-b96b-4022667255ba,AGIP ENI,AGIP ENI,Mindelheimer Str. 78,Kaufbeuren,87600,47.89177,10.61235,2.299,2.119,2.059,True
06bc950e-f458-4a15-8bf7-64346634f0bd,V-Markt,V-Markt,Josef-Landes-Str. 40,Kaufbeuren,87600,47.883556,10.620672,2.299,2.099,2.039,True
288a35bf-32a1-430a-9095-ffd9f0f6980d,V-Markt,V-Markt,Sudetenstr. 50,Kaufbeuren,87600,47.90366,10.63846,2.299,2.099,2.039,True
0f553a7a-b6ab-4241-a313-a6cdfd65283f,V-Markt,V-Markt,Sudetenstr. 5,Kaufbeuren,87600,47.896791,10.644391,2.299,2.099,2.039,True
b2cb8124-b41c-4a39-983a-78c454a62294,ARAL,ARAL,Oberstdorfer Straße 13,Kempten,87435,47.70613,10.311661,2.299,2.149,2.089,True
9ca12721-82b0-43f2-aa58-1bd697d741e0,ARAL,ARAL,Schumacherring 110,Kempten,87437,47.733467,10.325349,2.299,2.149,2.089,True
673c00ad-1de6-4876-9845-4ff43c0cec0e,ESSO,ESSO,Florianstr. 31,Kirchheim bei München,85551,48.175682,11.764105,2.299,2.139,2.079,True
78349891-bbf4-42c3-a2ad-d7fe47b00a02,V-Markt,V-Markt,Grünzweigstr. 1,Kissing,86438,48.304627,10.962745,2.299,2.129,2.069,True
3cf58ebc-f182-445d-9e5e-3214576213a7,Freie Tankstelle Krenn,Freie Tankstelle Krenn,Kiefernstrasse 3,Königsdorf,82549,47.83168,11.478996,2.299,2.149,2.149,True
6260e367-da89-4159-97f2-16beaaa1a682,V-Markt,V-Markt,Max-von-Eyth-Str. 4,Landsberg,86899,48.064367,10.858345,2.299,2.129,2.069,True
4cd9a193-c53d-42cd-a6e3-c2c19a255116,PIN Service-Station,PIN Service-Station,Hindenburgstraße 41,Langenau,89129,48.495647,10.117445,2.299,2.179,2.119,True
0032115e-58b1-4282-8f67-a9fec29c7d1d,ESSO,ESSO,BODENSEESTR. 33,MEMMINGEN,87700,47.979744,10.172292,2.299,2.109,2.049,True
417b06c4-5041-4e85-9227-8c9694ca9fb9,ESSO,ESSO,ARNULFSTR. 279,MUENCHEN,80639,48.152336,11.514247,2.299,2.169,2.109,True
b457a782-e3d4-4513-a258-c4d3e199d79a,ESSO,ESSO,WESTENDSTR. 183,MUENCHEN,80686,48.134186,11.523489,2.299,2.169,2.109,True
1b75ed80-2574-4156-aab9-5efb7d29e503,ESSO,ESSO,UNGERERSTR. 54,MUENCHEN,80802,48.166116,11.590793,2.299,2.139,2.079,True
00060279-0001-4444-8888-acdc00000001,Tankstelle Schreyer,Tankstelle Schreyer,Lorenz-Braren-Str 31,Markt Indersdorf,85229,48.348823547363,11.371603012085,2.299,2.129,2.099,True
da2fa50c-5be8-4c9a-bdaf-bae4b739a29d,AGIP ENI,AGIP ENI,Maroldstrasse 64,Markt Indersdorf,85229,48.35492,11.38783,2.299,2.139,2.079,True
a415a4cf-c0e5-4cb0-933c-dbc54709de1a,ARAL,ARAL,Erdinger Straße 25,Markt Schwaben,85570,48.193275,11.872268,2.299,2.169,2.109,True
bcdca275-e8e1-474c-a2d1-9e83d6286144,ARAL,ARAL,Ohmstraße 1,Mering,86415,48.274136,10.977898,2.299,2.169,2.109,True
1f24686e-5700-43b0-9818-e7d9f000a9c2,BK,BK,Ismaninger Straße 13,Moosinning,85452,48.275606,11.834216,2.299,2.179,2.119,True
e4b3161b-269e-41f9-8c56-d813a6733668,TotalEnergies,TotalEnergies,Leonrodstr. 48,Muenchen,80636,48.157499,11.543893,2.299,2.169,2.109,True
00060247-0001-4444-8888-acdcffffffff,Tankstelle Mp-21,Tankstelle Mp-21,Olympiastraße 1,Murnau,82418,47.665634155273,11.200600624084,2.299,2.139,2.119,True
e6d75bd3-6c9d-4883-869e-bba46bb3dc79,ARAL,ARAL,Lochhausener Straße 229,München,81249,48.17895,11.405146,2.299,2.199,2.139,True
fe9be5a3-0e5e-4f29-b07d-69faddac3390,ARAL,ARAL,Landsberger Straße 423-425,München,81241,48.14511,11.478615,2.299,2.169,2.109,True
0055bbb5-2c30-4cb9-89f4-d937cf121770,ARAL,ARAL,Waldwiesenstraße 31,München,81375,48.119007,11.478235,2.299,2.179,2.119,True
54653788-7857-4a91-baf7-7e58a8145224,ARAL,ARAL,Nymphenburger Straße 205,München,80639,48.15773,11.528273,2.299,2.179,2.119,True
5741629b-92a8-4a69-878a-e9b496a65dfa,ARAL,ARAL,Georg-Brauchle-Ring 27,München,80992,48.176105,11.535616,2.299,2.199,2.139,True
cde32a83-5c45-4797-aea3-5c92c5fc113e,ARAL,ARAL,Landshuter Allee 163,München,80637,48.163555,11.537343,2.299,2.169,2.109,True
aa871caa-3b3d-4596-9ced-5d34eb3f1002,ARAL,ARAL,Garmischer Straße 138,München,80686,48.12715,11.522233,2.299,2.179,2.119,True
fb150c27-af4b-40fa-aaea-47436bc12041,ARAL,ARAL,Garmischer Straße 197,München,81377,48.121346,11.518817,2.299,2.179,2.119,True
dfffa0d9-7e31-4dd2-8fec-79af950f13ac,ARAL,ARAL,Dülferstraße 3,München,80933,48.21265,11.560139,2.299,2.169,2.109,True
de70d393-f605-484b-a6e4-caa3992ab8ec,ARAL,ARAL,Boschetsrieder Straße 127,München,81379,48.09846,11.518578,2.299,2.219,2.159,True
eb8ff3b3-6e15-48c7-bb17-0d8fdd1e11ff,ARAL,ARAL,Plinganser Str. 70,München,81369,48.112274,11.539182,2.299,2.169,2.109,True
fb79c457-543a-4ff6-ba70-cd270ac2110a,ARAL,ARAL,Kapuzinerstraße 46,München,80469,48.12389,11.564831,2.299,2.169,2.109,True
22c01270-4792-418a-b2cf-184f3104f4d3,AVIA,AVIA,Ungererstr. 46 - 50,München,80802,48.165838,11.589928,2.299,2.139,2.079,True
51810dfd-e107-4f6a-5fb5-8e6b5f099bb3,freie Tankstelle,freie Tankstelle,Schönstraße 15,München,81543,48.110357,11.567889,2.299,2.159,2.099,True
e1a15081-2561-9107-e040-0b0a3dfe563c,HEM,HEM,Grünwalder Str. 112,München,81547,48.10161944,11.56709444,2.299,2.159,2.099,True
1a59fc8f-54b2-4793-9878-f55e023fb289,Bavaria Petrol,Bavaria Petrol,Zehentbauernstraße 7,München,81539,48.114277,11.576283,2.299,2.159,2.099,True
8d253362-4f6e-4851-be38-8c9551493d3d,ARAL,ARAL,Grünwalder Straße 175 C,München,81545,48.096382,11.564114,2.299,2.169,2.109,True
de935c7e-bbdd-4d77-942a-69a77d2c1060,ARAL,ARAL,Riemer Straße 360,München,81829,48.140633,11.683916,2.299,2.179,2.119,True
01286f59-0bf7-4d9c-be8d-ee5683239021,Sprint,Sprint,Riemer Straße 339,München,81829,48.140537,11.679848,2.299,2.189,2.129,True
17e1d0a9-62fe-466d-9dac-455ef508dbfc,ARAL,ARAL,Freischützstraße 4,München,81927,48.15757,11.642239,2.299,2.169,2.109,True
7d7e9d1a-b830-4672-a0a1-1c5cc471c205,ARAL,ARAL,Wasserburger Landstr. 51,München,81825,48.11972,11.677734,2.299,2.189,2.129,True
60c3a07c-2ebe-4073-adae-a667e22fd4c8,ARAL,ARAL,Heinrich-Wieland-Straße 2,München,81735,48.11833,11.63108,2.299,2.199,2.139,True
453b345b-e1a7-49a4-b785-89664328db7d,ARAL,ARAL,Rosenheimer Straße 138,München,81669,48.119205,11.607772,2.299,2.199,2.139,True
51d4b6c1-a095-1aa0-e100-80009459e03a,JET,JET,MEMMINGER STR. 54,NEU-ULM,89231,48.38549,10.00394,2.299,2.149,2.089,True
22d296cf-6411-415e-a4ae-5b6f7d68fc6b,JET,JET,AN DER SPITALAU 2,NEUOETTING,84524,48.255947,12.694366,2.299,2.159,2.099,True
2bd81d86-0f81-4209-8a96-c93b2cb89e86,PIN Service-Station,PIN Service-Station,Memminger Straße 182,Neu-Ulm,89231,48.36625,10.009852,2.299,2.149,2.089,True
7e703bb5-bac8-9786-f147-92bc8b29c405,Freie Tankstelle am Ring,,Turmstraße 38,Neu-Ulm,89231,48.390757,10.00273,2.299,2.169,2.109,True
598ccedf-0ff8-4199-a9ad-d4660d10bc15,AVIA,AVIA,Hauptstraße 84,Neubiberg,85579,48.07466,11.677499,2.299,2.109,2.049,True
67e59180-1bd0-4c5c-bc7d-f725d91f0a6d,ARAL,ARAL,Grüneckerstraße 6,Neufahrn,85375,48.313087,11.665198,2.299,2.199,2.139,True
c16bc9b8-5d85-4fda-b296-4757138d3e56,BK,BK,Münchner Str. 22,Neufinsing,85464,48.217754,11.799551,2.299,2.139,2.079,True
9c6921bc-6c3a-4123-8ea2-c1a2abed80bc,ARAL,ARAL,Forstenrieder Straße 26,Neuried,82061,48.091408,11.468299,2.299,2.189,2.129,True
19275bf1-8186-47d8-b5eb-261431afaced,ESSO,ESSO,SCHLOSSSTR. 161 A,OLCHING,82140,48.198251,11.301376,2.299,2.189,,True
df97f5d4-5814-4e86-b141-52834400fee9,ARAL,ARAL,Kemptener Straße 23,Obergünzburg,87634,47.843044,10.416526,2.299,2.149,2.089,True
a76506bb-7ccf-4785-1066-f2c5d26bb900,Freie Tankstelle Loder,Freie Tankstelle Loder,Hauptstr. 1,Odelzhausen,85235,48.309734,11.193687,2.299,2.139,,True
e32e8039-1552-4028-afc9-fd3c9376e44c,ARAL,ARAL,An der Westumgehung 1,Ottobrunn,85521,48.072033,11.652264,2.299,2.169,2.109,True
fa1550e0-7e5a-46d6-aa56-035b22e24c46,ESSO,ESSO,HAUPTSTR. 22,PEISSENBERG,82380,47.802602,11.077094,2.299,2.209,2.149,True
27db1860-c0c0-475e-a5ae-b929e4a64a58,AGIP ENI,AGIP ENI,Schongauer Str. 22,Peissenberg,82380,47.793153136275,11.062878823082,2.299,2.189,2.129,True
e6d55476-1ac5-4ad1-8117-a90344fc666a,Freie Tankstelle Clemens Maier GmbH &,,Bichler Str. 19,Penzberg,82377,47.749217,11.382824,2.299,2.159,,True
103afdaa-8f09-45df-a223-90f03f1f8d24,ESSO,ESSO,Gruber Str. 80,Poing,85586,48.168663,11.792172,2.299,2.139,2.079,True
feb28bec-a110-4805-9739-3d2042711489,Drivers Inn Tankstelle,Drivers Inn Tankstelle,Innstraße 1,Putzbrunn,85640,48.081753,11.691708,2.299,2.129,2.109,True
47a417dc-a6f9-4890-b8e6-34672ab32f13,ESSO,ESSO,Unterhirschberg 4 a,Pähl,82396,47.894458,11.186761,2.299,2.149,2.069,True
f78bb4ef-0197-4c9c-aaf1-638bdebd2990,AVIA,AVIA,Ebersberger Str. 31,Rosenheim,83022,47.864554480426,12.121972530688,2.299,2.179,2.119,True
c55364d7-cb92-49e2-9792-50f91fcd33d5,ARAL,ARAL,Münchener Straße 13,Sauerlach,82054,47.973675,11.653654,2.299,2.169,2.109,True
3e9776d9-83aa-4544-b572-c25b894f7c85,Rottal Tankstelle,Rottal Tankstelle,Hauptstrasse 163,Schwendi,88477,48.19358,9.972405,2.299,2.099,,True
22b04d42-be53-4af8-ac70-a74af2b15b4b,AVIA,AVIA,Laupheimer Straße 4,Schönebürg,88477,48.156566,9.945788,2.299,2.139,2.099,True
f8cf3127-ece8-4d6f-be1f-56723310ece1,ESSO,ESSO,Traunsteiner Str. 13,Teisendorf,83317,47.849637,12.816925,2.299,2.169,2.109,True
8ae72180-a120-4c6a-8993-ad0cf7523e98,V-Markt,V-Markt,Bürgermeister-Raab-Str. 31,Thannhausen,86470,48.284087,10.460001,2.299,2.129,2.069,True
7bf9ba91-edcf-475e-9357-f87659779863,AVIA,AVIA,An der Zollbrücke 31/1,Ulm,89079,48.34564,9.943114,2.299,2.129,2.069,True
a9a77bf4-bfc3-43f9-b51a-6606d06cad95,RAN,RAN,Blaubeurer Str. 25,Ulm,89077,48.4017,9.975,2.299,2.159,2.099,True
ab60875f-d239-44df-b425-518d76a87819,BFT,BFT,Blaubeurer Straße 21,Ulm,89077,48.401623,9.975566,2.299,2.169,2.109,True
e1a15081-25c1-9107-e040-0b0a3dfe563c,HEM,HEM,Keplerstr. 2,Ulm,89073,48.4024,9.9939,2.299,2.169,2.109,True
e51f1110-7dc1-4f40-bd64-1495229268af,RAN,RAN,Heidenheimer Str. 77,Ulm,89075,48.4116,10.0055,2.299,2.159,2.099,True
11fd3e93-6c6e-43a5-baca-57260c10093c,ALLGUTH,ALLGUTH,Dieselstraße 100,Unterföhring,85774,48.18026,11.65478,2.299,2.149,2.089,True
357e40bf-4fdd-47af-8580-523a8b1c4197,AVIA,AVIA,Kemptener Straße 32,Unterthingau,87647,47.77298,10.50046,2.299,2.129,2.069,True
1f939805-10bc-4227-967a-d96e97d9e48c,ARAL,ARAL,Schondorfer Straße 12,Utting am Ammersee,86919,48.027706,11.085583,2.299,2.169,2.109,True
17f8924f-3a32-4f80-8f8f-059bdcbb78ec,TotalEnergies Truckstop,TotalEnergies Truckstop,Gruber Str. 14,Vaterstetten/ Parsdorf,85599,48.147824,11.78818,2.299,2.139,2.079,True
fbfe3e46-9aab-4265-b16d-b7bf2b8aa775,Frei,Frei,Gewerbering 2,Velden,84149,48.36745,12.23965,2.299,2.139,2.119,True
00061555-0001-4444-8888-acdc00000001,ST2 Tankstelle,ST2 Tankstelle,Indersdorferstraße 68,Vierkirchen,85256,48.360893249512,11.447950363159,2.299,2.129,2.099,True
3d7df01b-2eb4-49d0-848a-1e130dbfca2b,V-Markt,V-Markt,Herzog Georg Str. 1,Weißenhorn,89264,48.301916,10.152128,2.299,2.129,2.069,True
f85cbd55-485e-4bb9-956b-aefb3232d33d,BK,BK,Hauptstraße 39,Weßling,82234,48.075495,11.249448,2.299,2.169,2.109,True
00099999-1332-4444-8888-acdc00001332,Freie Tankstelle,Freie Tankstelle,Hauptstr. 47,Wolfertschwenden,87787,47.894138336182,10.263502120972,2.299,2.099,,True
a99f4426-e47d-4a55-8458-b41548eaa171,AVIA,AVIA,Lange Straße 45,Altheim,89174,48.5776521,10.0232235,2.309,2.199,2.179,True
1c74a570-a9ed-4963-b333-6061c09f6142,Freie Tankstelle,Freie Tankstelle,Traunsteiner Straße 20,Altötting,84503,48.2215,12.67687,2.309,2.199,2.139,True
a5ce31a7-a216-4c49-b5c8-d10f6955d8d3,ESSO,ESSO,Landsberger Str. 43,Augsburg,86179,48.311287,10.906839,2.309,2.169,2.109,True
b1e022c2-e8a6-426c-9100-b9987243f7ea,ARAL,ARAL,Weißenbachstr. 2,Bad Grönenbach,87730,47.88391,10.248217,2.309,2.149,2.089,True
7eea6e1f-0e16-416b-b11f-2ee2e82fb9d8,ARAL,ARAL,Sachsenkamer Straße 23,Bad Tölz,83646,47.759594,11.573566,2.309,2.179,2.119,True
85b7062a-4308-4dec-a183-55c7c2604b98,ARAL,ARAL,Münchener Straße 43,Bad Wiessee,83707,47.71784,11.718955,2.309,2.219,2.159,True
39e153fd-73d4-4875-aef4-aa5af9904bc3,Freie Tankstelle Tan + AK  Herr Ak Habib,,Memminger Str. 36,Bellenberg,89287,48.25302,10.095605,2.309,2.169,2.109,True
c049db7e-fc99-4d91-98be-9de309a6f9f1,ESSO,ESSO,Königsbrunner Str. 1 a,Bobingen,86399,48.264153,10.840127,2.309,2.169,2.109,True
0a3ed70f-3854-4126-8b12-2d492a058b36,ESSO,ESSO,Albert-Mayer-Str. 22,Bruckmühl,83052,47.882083,11.933078,2.309,2.179,2.119,True
1d6486b7-0b9a-41f7-9f1f-f33055b681cd,ARAL,ARAL,Landsberger Straße 20,Buchloe,86807,48.03594,10.732483,2.309,2.179,2.119,True
40240f9b-05c7-4333-a044-0d239c6f21e8,V-Markt,V-Markt,Justus von Liebig Strasse 1,Buchloe,86807,48.0393804,10.7194363,2.309,2.109,2.049,True
ca6a2c98-d5a3-437e-9d7b-1e810649f328,ARAL,ARAL,Illertisser Straße 40,Dietenheim,89165,48.21049,10.077365,2.309,2.179,2.119,True
41ffbaba-e407-4afd-917b-3cebaa930264,ARAL,ARAL,Lachener Straße 56,Dießen,86911,47.957966,11.102196,2.309,2.169,2.109,True
f29073c4-70f3-4f12-91d4-778b4dd6befb,ESSO,ESSO,Mindelheimer Str. 33,Dirlewang,87742,48.001396,10.506422,2.309,2.129,2.069,True
51d4b4f1-a095-1aa0-e100-80009459e03a,JET,JET,PFARRKIRCHNER STR. 78,EGGENFELDEN,84307,48.40471,12.77236,2.309,2.189,2.129,True
961876c5-4a3a-4f45-9ed1-3544370c3c3f,AVIA XPress,AVIA XPress,Lauterbachstr. 56,Eggenfelden,84307,48.399247,12.740979,2.309,2.189,2.129,True
348f20ce-a6a7-43ad-8371-ca14bcb4f968,Rottaler Autohöfe Kurt Lehner,,Lauterbachstr. 51,Eggenfelden,84307,48.39882,12.74715,2.309,2.189,2.129,True
0d527ebc-f5c6-476d-99bc-682b85f9e01a,Breintner,Breintner,Tiefstadt 10,Eggenfelden,84307,48.395753,12.766098,2.309,2.189,2.129,True
dcd82292-8c13-467a-821f-56ed7d5c18bb,Rottaler Autohöfe Kurt Lehner,,Landshuterstr. 99,Eggenfelden,84307,48.4025,12.74361,2.309,2.189,2.129,True
00060289-0001-8888-acdc-00000001ffff,Unsin Tankstelle,Unsin Tankstelle,Dachauer Straße 13,Erdweg-Großberghofen,85253,48.32134,11.31653,2.309,2.109,2.069,True
aea76107-92ea-47ea-99ac-4c7fa1491fe8,ENI,ENI,Münchener Str. 20,Feldkirchen-Westerham,83620,47.9104,11.8398,2.309,2.179,2.119,True
b3c8109b-66df-45b3-8ad1-946c81d81d1e,ESSO,ESSO,Berger Weg 15,Fischen,87538,47.461839,10.267942,2.309,2.139,2.079,True
3da0ecad-fc45-4046-a163-b7c958f14273,V-Markt,V-Markt,Bundesstraße 16,Fischen-Langenwang,87538,47.43244,10.26981,2.309,2.129,2.069,True
26424268-3a6b-4e7b-8366-10c072ae135e,ESSO,ESSO,Winterbruckenweg 53,Friedberg,86316,48.407022,10.951298,2.309,2.179,2.119,True
87388ce5-7bac-4503-8dc0-d6664e7a9e68,BK,BK,Fabrikstr. 35,Garching,84518,48.149275,12.616675,2.309,2.169,2.109,True
a1ccecb1-15e2-4015-830f-7686dbfaca64,ARAL,ARAL,Elbestraße 23,Geretsried,82538,47.880447,11.460822,2.309,2.169,2.109,True
65d95b09-e1cb-454f-b3da-49876ad84561,ESSO,ESSO,Sudetenstr. 67,Geretsried,82538,47.853517,11.494639,2.309,2.159,2.099,True
30638ceb-f6fe-4622-a22c-7b25602dbb05,TotalEnergies,TotalEnergies,Olchinger Str. 82,Groebenzell,82194,48.186099,11.384181,2.309,2.189,2.129,True
63b147a8-dccc-4bdb-bf00-8bde0dcecd10,ARAL,ARAL,Pasinger Straße 50,Gräfelfing,82166,48.1181,11.442665,2.309,2.179,2.119,True
7bf6d705-421c-411a-8ecb-5a505d42d513,ARAL,ARAL,Zeppelinweg 2,Herbrechtingen,89542,48.627674,10.18718,2.309,2.179,2.119,True
f74e5b00-d443-4bf1-afc2-5bcb0f9c0df6,PIN Service-Station,PIN Service-Station,Krumbacher Straße 54,Ichenhausen,89335,48.365807,10.305967,2.309,2.139,2.079,True
1a073b3a-3d2f-428d-9250-bbf3805c15e3,PIN Service-Station,PIN Service-Station,Günzburger Straße 55,Ichenhausen,89335,48.374,10.311301,2.309,2.139,2.079,True
9f595e70-9c89-4a6d-b4b9-9ea6e122c92a,TS - GREIL IFFELDORF,TS - GREIL IFFELDORF,Seeshaupter Straße 10,Iffeldorf,82393,47.785583,11.327599,2.309,2.169,2.129,True
853be17b-6268-4064-9b9e-fe7f15cf90d0,BK,BK,An der Bundesstr. 6,Immenstadt,87509,47.577787,10.241217,2.309,2.139,2.079,True
b5861dd8-d42c-42a4-9779-0b216e18bf2d,ARAL,ARAL,Lindauer Straße 50,Isny,88316,47.6896,10.032856,2.309,2.149,2.089,True
51d4b59b-a095-1aa0-e100-80009459e03a,JET,JET,BAHNHOFSTR. 76,KRUMBACH,86381,48.24835,10.35919,2.309,2.149,2.089,True
64c8fc51-5476-4dbb-b7b3-b553ad84639a,ARAL,ARAL,Augsburger Straße 32,Kaufbeuren,87600,47.88454,10.636712,2.309,2.149,2.089,True
4b7520c7-b2f9-4faa-92cd-bf16a96ceab7,AVIA XPress,AVIA XPress,Therese-Studer-Straße 2,Kaufbeuren,87600,47.89485,10.65521,2.309,2.109,,True
133638f3-7402-4090-a492-0ba7f5c5d4fa,Freie Tankstelle,Freie Tankstelle,Hauptstraße 13,Kirchheim,87757,48.172424,10.478078,2.309,2.139,2.079,True
05ae962c-b5fc-46a6-8f01-c29695244eea,ARAL,ARAL,Burghausener Straße 7,Kirchweidach,84558,48.087753,12.645767,2.309,2.179,2.119,True
5a456548-a01c-4f0e-93c1-61ed13c770ca,ARAL,ARAL,Aiblinger Au 52 a,Kolbermoor,83059,47.851147,12.017452,2.309,2.189,2.129,True
a877c7d9-ac7e-4106-b5dd-08d87dd2add1,ARAL,ARAL,Rosenheimer Straße 30 a,Kolbermoor,83059,47.849876,12.067706,2.309,2.179,2.119,True
f03287fd-782a-4d6c-91a2-68fe6008d6b3,ARAL,ARAL,Augsburger Straße 42,Krumbach,86381,48.2439,10.372405,2.309,2.169,2.109,True
00c6dc89-4575-4dc7-a63e-8cff8e8a274e,PIN Service-Station,PIN Service-Station,Bahnhofstraße 104,Krumbach,86381,48.251785,10.356684,2.309,2.149,2.089,True
fd8bc0b7-6d4c-4ca5-84d5-ab28fac159ce,ESSO,ESSO,Landsberger Str. 47,Königsbrunn,86343,48.256221,10.882425,2.309,2.169,2.109,True
d269fdfc-1ec1-429e-8101-9406a818ba7c,ARAL,ARAL,Schongauer Straße 7,Landsberg,86899,48.03891,10.864785,2.309,2.219,2.159,True
393e08f9-4bae-41bf-99f8-986794a34afb,V-Markt,V-Markt,Geisenmoos 11,Lechbruck,86983,47.693357,10.784334,2.309,2.129,2.069,True
982132c3-5ab1-4fbe-8671-2a0a5bba6a69,Sunoil,Sunoil,Bahnhofstrasse 20/26,Lechbruck,86983,47.6967985,10.7932656,2.309,2.139,2.079,True
9094f45b-2917-4a2b-aec5-94010f5b30e2,TopTank,TopTank,Am Bahnhof 2,Lechbruck am See,86983,47.697565,10.79182,2.309,2.139,2.079,True
ccb45c5b-a7ac-4d74-a80a-796ba4db89d5,Tankhof Lengenfeld,Tankhof Lengenfeld,Am Gewerbering 16,Lengenfeld,86932,48.010186,10.928187,2.309,2.179,,True
6c2ff229-2e9a-47da-8394-8bff5ab91875,ESSO,ESSO,EFFNERSTR. 130,MUENCHEN,81925,48.162809,11.624476,2.309,2.159,2.099,True
c76fa28b-4819-4319-9065-b6e696b316f2,ESSO,ESSO,EINSTEINSTR. 168,MUENCHEN,81675,48.137168,11.621395,2.309,2.159,2.099,True
34ad8aa4-f447-4e08-be64-3142eb7629dd,ESSO,ESSO,INNSBRUCKER RING 52,MUENCHEN,81671,48.123386,11.620232,2.309,2.189,,True
27830077-5238-45e4-a453-24b11a8fdb5e,ESSO,ESSO,WEILHEIMER STR. 12,MURNAU,82418,47.68305,11.203945,2.309,2.149,2.089,True
dec2ebca-321f-4c94-9fe9-65f94d3732d4,TotalEnergies,TotalEnergies,Poinger Str. 2,Markt Schwaben,85570,48.190295,11.848462,2.309,2.139,2.079,True
6d6774b5-676a-4aeb-a6df-a6e74d58288a,AVIA,AVIA,Hochholding 26,Massing,84323,48.398499,12.628816,2.309,2.189,2.129,True
a895e735-3559-452b-bf4a-d80142e5aa3a,ARAL,ARAL,Buxheimer Straße 113,Memmingen,87700,47.991688,10.160623,2.309,2.149,2.089,True
3e8dc5e3-5a8d-4fc1-bbea-34a2e47b4705,ARAL,ARAL,Allgäuer Straße 34,Memmingen,87700,47.972286,10.182645,2.309,2.149,2.089,True
eca30d1a-123b-494f-a011-d25211ef7bbd,ARAL,ARAL,Münchener Straße 66,Memmingen,87700,47.996338,10.199143,2.309,2.149,2.089,True
5511a3ad-8e10-4838-8acb-1915927606d9,TotalEnergies,TotalEnergies,Moosacher Str. 36,Muenchen,80809,48.186452,11.556034,2.309,2.199,2.139,True
13109c2c-280b-4865-9d87-50bdb2b2a83f,ESSO,ESSO,Garmischer Str. 5,Murnau,82418,47.672211,11.201358,2.309,2.149,2.089,True
d8670da9-ee86-451c-b78a-87ffe1a5c93a,ESSO,ESSO,Verdistr. 68,München,81247,48.164865,11.471906,2.309,2.169,2.109,True
bfc8efb6-3b9b-402c-b4c2-e6dfec24675f,ESSO,ESSO,Auerfeldstr. 21,München,81541,48.123631,11.595233,2.309,2.159,2.099,True
c1ab85a6-a64f-46b9-89d5-260cc1d5d77c,ARAL,ARAL,Otto-Perutz-Straße 1-3,München,81829,48.13793,11.711851,2.309,2.179,2.119,True
24f7ef7b-31cc-47ea-ab53-c0187492e94f,AVIA,AVIA,Effnerstraße 101,München,81925,48.160224,11.620998,2.309,2.159,2.099,True
d2ccdd07-0827-41d8-a1ea-1d1cbee94a53,ARAL,ARAL,Berg-am-Laim-Straße 60,München,81673,48.13051,11.617173,2.309,2.179,2.119,True
464a1b9a-7390-41e0-b0c9-561cef25b81f,ESSO,ESSO,RINGSTR. 122,NEU-ULM,89231,48.392568,10.009206,2.309,2.159,2.129,True
ae964204-aadc-4016-a1a8-db67f0839bb1,ARAL,ARAL,SIMBACHER STRAßE 36,NEUÖTTING,84524,48.239864,12.710528,2.309,2.179,2.119,True
40a3264b-20ab-41d2-94c6-b6474ed3da4c,ESSO,ESSO,Augsburger Str. 187,Neu-Ulm,89231,48.401248,10.02223,2.309,2.159,2.099,True
d70bb5fa-9e14-4b8c-b031-1e2efed512db,ARAL,ARAL,Leipheimer Straße 34,Neu-Ulm,89233,48.404408,10.03394,2.309,2.189,2.129,True
3436a042-8ee7-4a02-ad5c-cce086378060,TotalEnergies,TotalEnergies,Leipheimer Str. 60,Neu-Ulm,89233,48.405597,10.03808,2.309,2.189,2.129,True
554aeca7-4b82-4b5a-b85f-1379e4b23352,TotalEnergies,TotalEnergies,Muenchener Str. 11A,Neufahrn,85375,48.318361,11.691502,2.309,2.199,2.139,True
e1a15081-25b9-9107-e040-0b0a3dfe563c,HEM,HEM,Bahnhofstr. 20,Neuötting,84524,48.24519444,12.68211111,2.309,2.169,2.109,True
27832d98-cdb8-4b8f-b2ae-9d5e85a2179d,ARAL,ARAL,Brannenburger Straße 12,Nußdorf,83131,47.74336,12.154207,2.309,2.179,2.119,True
1e284715-a588-47f8-b12a-2fcd54e65d53,ESSO,ESSO,SONTHOFENER STR. 20 A,OBERSTDORF,87561,47.415369,10.275212,2.309,2.139,2.079,True
c14d6c7e-7d19-43e2-93ad-a515d71ded1b,AGIP ENI,AGIP ENI,Sonthofener Strasse 16,Oberstdorf,87561,47.4136511,10.2755905,2.309,2.139,2.079,True
51d4b619-a095-1aa0-e100-80009459e03a,JET,JET,IGNAZ-RHEIN-STR. 3,PENZBERG,82377,47.76468,11.36165,2.309,2.169,2.109,True
26aa0cf8-e354-41fc-b685-9634fcf069bf,V-Markt,V-Markt,Ammergauerstr. 60,Peiting,86971,47.788022,10.927195,2.309,2.119,2.059,True
c483b0fc-7668-4135-bd88-5ddd9893716e,ARAL,ARAL,Schongauer Straße 19,Peiting,86971,47.798668,10.921203,2.309,2.179,2.119,True
906e4c49-6b9a-4a61-afe5-d6b7c581efb2,BayWa,BayWa,Schönriedelstr. 11,Peiting,86971,47.789597,10.942163,2.309,2.119,2.059,True
cce1ffdf-f0bd-49b5-b846-9eec85d56fe8,SB,SB,Schwiftinger Straße 2,Penzing,86929,48.071222,10.924327,2.309,2.179,2.119,True
b6d86fdd-9e4c-45a5-9c2c-be4dbdd11984,ARAL,ARAL,Lindenstraße 1,Pfaffenhofen,89284,48.3587,10.160148,2.309,2.189,2.129,True
8a1a2351-9ddb-4f26-afa3-694af9de4474,ARAL,ARAL,Rosenheimer Straße 83,Raubling,83064,47.80479,12.119877,2.309,2.179,2.119,True
8bfc7ddb-66ba-4591-aab1-76f247f486ae,Pinoil,Pinoil,Weißenhorner Straße 56,Roggenburg-Biberach,89297,48.288063,10.213991,2.309,2.169,2.109,True
7aac5ce2-e2e0-4f6b-a353-f953966bf1d0,ARAL,ARAL,Kufsteiner Straße 57,Rosenheim,83022,47.848766,12.127539,2.309,2.179,2.119,True
5a8fc6fd-6f03-4157-a7af-b0ee2b75307b,ESSO,ESSO,MUENCHNER STR. 14,STARNBERG,82319,48.002091,11.348624,2.309,2.149,2.089,True
eb879d33-a816-4dcf-9902-4127dfb2b01b,Freie Tankstelle Baumann,Freie Tankstelle Baumann,Bayrischzeller Str. 5b,Schliersee,83727,47.703121,11.882112,2.309,2.179,,True
3ea2eb9e-d5cd-48b6-9719-bf6bc23f920e,V-Markt,V-Markt,Wiesenweg 15,Schongau,86956,47.816647,10.903036,2.309,2.119,2.059,True
72e71ceb-fc25-4184-8810-283ecc5e9423,ARAL,ARAL,Augsburger Straße 66,Schwabmünchen,86830,48.193657,10.75461,2.309,2.179,2.119,True
22f89edd-02d9-41a0-af67-7a05f8a987dd,ARAL,ARAL,Kaufbeurer Straße 5,Schwabmünchen,86830,48.17588,10.757688,2.309,2.179,2.119,True
01533d32-48d2-45fb-9b3d-0d64919251e8,ARAL,ARAL,Kemptener Straße 61,Senden,89250,48.320286,10.049629,2.309,2.159,2.099,True
f6dfd873-65e1-44d9-bf76-02660482b69c,BK,BK,Grüntenstr. 25a,Sonthofen,87527,47.519544,10.280986,2.309,2.139,2.079,True
1d3a9fd5-8e96-4624-a038-8328dc4fb605,BayWa,BayWa,Hindelanger Str. 26,Sonthofen,87527,47.51203,10.29034,2.309,2.139,,True
9e44e080-6527-4c1c-a14d-9c61b6cddc2d,FENEBERG,FENEBERG,Rudolf-Diesel-Straße 1,Sonthofen,87527,47.523612976074,10.269842147827,2.309,2.139,2.079,True
00060002-cb47-4444-8888-acdc00000001,SB-Tankstelle Illerpark Rieden,SB-Tankstelle Illerpark Rieden,Mittagstraße 3,Sonthofen,87527,47.524284362793,10.261995315552,2.309,2.089,2.059,True
87602e19-d06f-49ae-981f-f26be75df1a7,TOTAL,TOTAL,Münchener Str. 16-18,Starnberg,82319,48.001175,11.34991,2.309,2.149,2.089,True
e8e0e0a8-a6c5-4d25-824d-d6160e6fd5c7,bft - Walther,bft - Walther,Lackermannweg 10,Stephanskirchen,83071,47.8652,12.166,2.309,2.169,2.109,True
894dc0c5-383c-4328-91d8-ac14ab549c53,ARAL,ARAL,Salzburger Straße 64,Stephanskirchen,83071,47.860394,12.15434,2.309,2.179,2.119,True
13c9783f-aaaf-471f-a296-d2b6f7dbb5d9,Tankstelle Schauer Stefanie,,Bahnhofstr. 15,Türkenfeld,82299,48.10849,11.08265,2.309,2.129,2.109,True
97c875ea-29a7-4b64-b583-370a8d93f359,ESSO,ESSO,EINSTEINSTR. 2-6,ULM,89077,48.395256,9.96771,2.309,2.179,2.119,True
9ba46057-2729-4dfc-9e62-22a65083a9da,ESSO,ESSO,HINDENBURGRING 3,ULM,89077,48.397065,9.976389,2.309,2.179,2.119,True
602d50d7-3ba5-4f88-865a-fed175a18c24,ARAL,ARAL,Raiffeisenstraße 1,Ulm,89079,48.358242,9.970291,2.309,2.159,2.099,True
84db67bd-0766-4099-b1cd-0084f7ab936e,AVIA,AVIA,Blaubeurer Straße 32,Ulm,89077,48.40195341,9.97440246,2.309,2.179,2.119,True
105307c4-8562-45e4-9cc2-a04ef4a19400,ARAL,ARAL,Karlstraße 77,Ulm,89073,48.406403,9.996263,2.309,2.179,2.119,True
b88eb580-8396-47f6-acfe-4f7101dab665,AVIA,AVIA,Im Lehrer Feld 49,Ulm,89081,48.45504,9.967732,2.309,,,True
65310f30-339f-44f1-a2c9-7476af30fae3,TotalEnergies Truckstop,TotalEnergies Truckstop,Gutenbergstr. 2,Ungerhausen,87781,48.018255,10.273633,2.309,2.149,2.089,True
752be6ea-097e-4b0f-ab6b-ce2b87bb8b33,AVIA,AVIA,Münchner Strasse 62,Unterföhring,85774,48.190463,11.639168,2.309,2.159,2.099,True
ce9deac1-35fd-40b6-8181-97e35bd15213,PIN Service-Station,PIN Service-Station,Ulmer Straße 50,Vöhringen,89269,48.28336,10.078062,2.309,2.169,2.109,True
07b12358-2982-45bc-b50e-751df514e000,RAN,RAN,Rudolf-Diesel-Str. 1,Vöhringen,89269,48.2885,10.0778,2.309,2.169,2.109,True
bd9feb71-5a7d-45aa-acea-0f27bc61430b,ESSO,ESSO,KOENIGSDORFER STR. 24,WOLFRATSHAUSEN,82515,47.910029,11.421433,2.309,2.159,2.099,True
f363371f-f60e-4f98-bdc5-afe06ac0ede8,ARAL,ARAL,Ulmer Straße 13,Weißenhorn,89264,48.30751,10.152489,2.309,2.189,2.129,True
ee0a625e-b383-4ca0-9168-ce0c1e8333d2,ARAL,ARAL,Günzburger Straße 54,Weißenhorn,89264,48.31183,10.157852,2.309,2.189,2.129,True
1b80332a-c52a-4e0b-b99f-a5f9635b4764,AGIP ENI,AGIP ENI,Neuoettinger Str. 36,Winhoering,84543,48.2630064,12.6563259,2.309,2.169,2.109,True
f72eda47-b855-4acf-93a9-1b9f7366689f,AVIA,AVIA,Eggenfeldener Str. 10,Wurmannsquick,84329,48.357505,12.787966,2.309,2.189,2.129,True
0512dd31-5a0b-43d0-90bf-49c7ab6642ba,Freie,Freie,Gewerbegebiet 7,Soyen,83564,48.11454,12.21219,2.318,2.158,,True
ed0ced9c-7d2c-408e-871b-01ea932921fa,ARAL,ARAL,An der B 20 Nr.2,Ainring,83404,47.80559,12.957366,2.319,2.179,2.119,True
675d58e6-05a9-4ad9-9848-fba2c143f58e,ESSO,ESSO,Burghauser Str. 79,Altötting,84503,48.222369,12.688538,2.319,2.179,2.119,True
1f605a03-e7fb-4a0a-aaba-f37cd1bde3d9,AGIP ENI,AGIP ENI,Mühldorferstr. 67,Altötting-Mühldorf,84503,48.22608793396,12.659102023675,2.319,2.179,2.119,True
00061467-0012-4444-8888-acdcffffffff,BFT-Tankstelle Kloiber GmbH,BFT-Tankstelle Kloiber GmbH,Frankfurter Str. 12,Augsburg Gersthofen,86156,48.412281036377,10.861884117127,2.319,,,True
be6ef02c-77ed-48e0-8b87-653cc92ae335,ESSO,ESSO,PERCHASTR. 10,BERG,82335,47.967687,11.357499,2.319,2.149,2.089,True
b6ff0c9c-760d-4b78-9ba5-7894f9754561,ESSO,ESSO,ULMER STR. 18,BLAUSTEIN,89134,48.420261,9.907628,2.319,2.179,2.119,True
f549406e-de56-4a6a-92ca-51c01a6d9927,AVIA XPress,AVIA XPress,Sonthofer Straße 31,Bad Hindelang,87541,47.50401,10.35939,2.319,2.139,2.079,True
18ef6876-9f89-4b09-b307-d418d45e0c00,ARAL,ARAL,Berchtesgardener Straße 2,Bad Reichenhall,83435,47.7176,12.875201,2.319,2.179,2.119,True
7f71c779-27d9-466b-8347-9b23c5e2a307,ARAL,ARAL,Loferer Straße 29,Bad Reichenhall,83435,47.733864,12.877083,2.319,2.179,2.119,True
7180042e-bc3f-42eb-8e9e-37869345b464,V-Markt,V-Markt,Gottlieb-Daimler-Str. 15,Bad Wörishofen,86825,48.021269,10.600271,2.319,2.109,2.049,True
5e793b3b-c021-4e36-bd2c-55e357a3638e,ESSO,ESSO,Gadastr. 1,Bergkirchen,85232,48.237363,11.352842,2.319,2.209,2.149,True
34c0c156-7eb2-4271-88e2-e7474dea15ca,AVIA,AVIA,Sonnenstraße 11,Bergkirchen,85232,48.258871,11.366686,2.319,2.199,2.139,True
00060915-0002-4444-8888-acdc00000002,C+C Oberallgäu Lang-Steudler,C+C Oberallgäu Lang-Steudler,Hofen 18,Blaichach,87544,47.551681518555,10.250590324402,2.319,2.129,2.069,True
0576ee1d-856f-47a4-b221-64d579bd42a2,V-Markt,V-Markt,Gutenbergstrasse 4,Bobingen,89415,48.2656397,10.8447619,2.319,2.129,2.069,True
4b0ed431-cb2d-4843-a997-92382d8b427a,V-Markt,V-Markt,Frühmahd 1,Erkheim,87746,48.0331507,10.3334162,2.319,2.119,2.059,True
323c35af-9914-44e7-a167-056fa746924c,ARAL,ARAL,Sonnenfeld 2,Freilassing,83395,47.8429,12.970901,2.319,2.189,2.129,True
77673dec-317d-4820-8419-b898ec843a3d,V-Markt,V-Markt,Kemptener Str. 107,Füssen,87629,47.56864,10.67112,2.319,2.129,2.069,True
4b803544-57f2-49ae-9e49-670081e6d462,ESSO,ESSO,Münchener Str. 49,Garching,85748,48.244765,11.647327,2.319,2.179,2.119,True
1941e0e8-bd8b-4ef6-9ac1-7e2948b6066b,ARAL,ARAL,Binderfeld 2,Garching,84518,48.125935,12.574169,2.319,2.179,2.119,True
9bc77a86-ef47-472d-87e3-b22d3eff1682,AVIA,AVIA,Schleißheimer Straße 28,Garching b. München,85748,48.25016,11.64716,2.319,2.179,2.119,True
b2427fbd-da01-4102-a6a1-66c70581ee08,AGIP ENI,AGIP ENI,Allgäuer Str. 7,Halblech (Trauchgau),87642,47.63806,10.82567,2.319,2.149,2.089,True
a8c4085d-2b13-4ba0-81cb-1302d294860d,ESSO,ESSO,Mühlfelderstr. 44,Herrsching,82211,47.993337,11.173021,2.319,2.159,2.099,True
14a42931-67ce-48f2-b749-06060b66912f,V-Markt,V-Markt,Weiler Weg 1,Ichenhausen,89335,48.3757011,10.3133082,2.319,2.129,2.069,True
a928ea26-90bf-4544-b1a4-b0cdabd25c8d,V-Markt,V-Markt,Im Engelfeld 5,Immenstadt,87509,47.55851,10.21057,2.319,2.129,2.069,True
4e16b239-eca0-472f-b0bd-c4f4a2b6fb3e,AVIA XPress,AVIA XPress,Sonthofener Str. 57,Immenstadt,87509,47.555025,10.230895,2.319,2.129,2.069,True
e5cf6bf0-ffe9-411b-8553-07a09cc39408,V-Markt,V-Markt,Sonthofener Strasse 86,Immenstadt,87509,47.553407,10.232592,2.319,2.129,2.069,True
c9beb93a-82c3-45e5-a50a-7021e4cc44eb,ARAL,ARAL,Hauptstraße 263,Jettingen-Scheppach,89343,48.40945,10.444741,2.319,2.169,2.109,True
4dcb6332-d51d-4cd4-aeb2-4830cf9955e8,ESSO,ESSO,BAHNHOFSTR. 24,KOCHEL,82431,47.66042824,11.37189272,2.319,2.169,2.109,True
2daf260a-204d-4f88-a6ac-d79f16993a30,V-Markt,V-Markt,Hauptstraße 41,Kirchheim,87757,48.17135,10.48393,2.319,2.129,2.069,True
51d4b602-a095-1aa0-e100-80009459e03a,JET,JET,KAUFBEURENER STR. 28C,MARKTOBERDORF,87616,47.78287,10.62042,2.319,2.139,2.079,True
16f19d8d-e419-4141-a3fd-677a0521dbad,Autohaus Huber - freie Tankstelle,Autohaus Huber - freie Tankstelle,Johann-Georg-Fendt-Straáe 45,Marktoberdorf,87616,47.77549,10.60809,2.319,2.139,2.079,True
b9817a94-ed69-4d54-a699-71045d6e35e6,V-Markt,V-Markt,Johann-Georg-Fendt Str. 42,Marktoberdorf,87616,47.777422,10.610659,2.319,2.129,2.069,True
df57a3b3-fbb7-4ddb-f644-8e921f4a6f9e,Freie Tankstelle Sakoman,Freie Tankstelle Sakoman,Rosenheimerstr. 70,Miesbach,83714,47.788151,11.844859,2.319,2.199,,True
0ce5efde-8cc6-4fa3-8dfc-22dd7a79bb4b,V-Markt,V-Markt,Allgäuer Str. 19,Mindelheim,87719,48.044884,10.505869,2.319,2.129,2.069,True
e2fcc5a0-24d1-4044-a7e3-0155da86b8cf,FENEBERG,FENEBERG,Heimenegger Weg 3,Mindelheim,87719,48.045921325684,10.510129928589,2.319,2.119,2.059,True
4c8158bd-22d5-4c2c-b91b-b306e57e087b,BayWa,BayWa,Allgaeuerstr. 38,Mindelheim,87719,48.047161,10.507779,2.319,2.129,2.069,True
60545f32-1729-4e68-acd7-e3bdfbc94ba2,Frei,Frei,Kirchheimerstr. 11,Mittelneufnach,86868,48.177795,10.593637,2.319,2.109,2.069,True
c573f0dc-aedb-46b4-a9dd-18b0eb06787e,ARAL,ARAL,Schwere-Reiter-Straße 26b,München,80797,48.161003,11.558504,2.319,2.179,2.119,True
68fde088-9a72-4887-bab3-9cd82a001dc7,ARAL,ARAL,Tegernseer Landstraße 174,München,81539,48.107742,11.579532,2.319,2.179,2.119,True
00061467-0014-4444-8888-acdcffffffff,BFT-Tankstelle Kloiber GmbH,BFT-Tankstelle Kloiber GmbH,Hofbräuallee 8,München,81829,48.144523620605,11.706317901611,2.319,,,True
150f64ea-ef9c-49ac-b2c5-a4612939996b,ESSO,ESSO,Ortsstr. 35,Nersingen,89278,48.418451,10.133268,2.319,2.189,2.129,True
48036597-cbb1-48cc-94b6-fc49f72027ea,V-Markt,V-Markt,Hertinger Weg 2,Nesselwang,87484,47.61973,10.50912,2.319,2.129,2.069,True
98b5ae37-3086-44c1-b354-b029b9cd337f,ARAL,ARAL,Otto-Renner-Straße 1,Neu-Ulm,89231,48.38647,10.035743,2.319,2.169,2.109,True
04d67892-8c3e-465d-8206-24f24bdb4b36,ESSO,ESSO,Altöttinger Str. 40,Neuötting,84524,48.234576,12.686812,2.319,2.179,2.119,True
6fe2de8c-08f2-4c6d-ae5a-e4bf822e936f,ESSO,ESSO,SONNENSTR. 5,OBERSCHLEISSHEIM,85764,48.248196,11.551243,2.319,2.189,,True
8a2cc672-2c7f-4322-a74f-c80336e49c9e,ESSO,ESSO,ROSENHEIMER LANDSTR. 73,OTTOBRUNN,85521,48.06125447,11.66379537,2.319,2.109,2.049,True
179d59f1-5591-4c8a-bf34-3033bbdbc443,ESSO,ESSO,Kufsteiner Str. 27,Raubling,83064,47.786956,12.109788,2.319,2.159,,True
d1f51aa2-cef8-48b6-bc24-640ec018e3f6,Freie Tankstelle,Freie Tankstelle,Alpenstraße 4,Reit im Winkl,83242,47.66884,12.494652,2.319,2.209,2.149,True
e818c21e-b601-4e86-84b1-a16608de508f,AGIP ENI,AGIP ENI,Bahnhofstrasse 37,Rimsting,83253,47.884853,12.340122,2.319,2.219,2.159,True
0223354e-a2af-4dbc-94ea-244b9bd2a2f1,ESSO,ESSO,BAHNHOFSTR. 18,SCHONGAU,86956,47.812611,10.901358,2.319,2.179,2.119,True
9c89af77-caaa-4cb9-a315-947deee30a49,ESSO,ESSO,GRUENTENSTR. 32 A,SONTHOFEN,87527,47.519035,10.281966,2.319,2.139,2.079,True
3d00f71d-afb6-4eab-bfad-f72bd4b643fa,ESSO,ESSO,SALZBURGER STR. 43,STEPHANSKIRCHEN,83071,47.8589,12.150872,2.319,2.159,2.099,True
e503b63e-8e1d-43a8-995b-1e4aadb27029,V-Markt,V-Markt,Am Mühlbach 1,Saulgrub,82442,47.6674,11.02537,2.319,2.129,2.069,True
ebeaef3a-9165-4b8e-a1f7-7d1794ed4868,V-Markt,V-Markt,Gottlieb-Daimler-Str. 6,Schwabmünchen,86830,48.1974692,10.7660402,2.319,2.109,2.049,True
4dd47f81-651f-46a3-a0a4-4dbd7fd87b41,ARAL,ARAL,Seestraße 1,Schönau am Königssee,83471,47.592762,12.987441,2.319,2.209,2.149,True
1d32ac01-67df-4ae1-8452-675dba41815c,ARAL,ARAL,Illerstraße 12,Sonthofen,87527,47.523716,10.262306,2.319,2.149,2.089,True
ebe9460e-1d82-427c-a50d-816853f21fa3,AVIA XPress,AVIA XPress,Ammergauer Straße 1,Steingaden,86989,47.70405,10.86268,2.319,2.149,2.089,True
4ced61f8-5a8f-4e52-9af6-57de5e3bff47,AVIA,AVIA,Hauptstraße 1,Sulzemoos,85254,48.288327,11.267088,2.319,2.169,2.109,True
9e84909e-d363-46a8-a1c7-a52a6c21744e,Fürmetz Tank GmbH,,Gewerbepark-Süd 1,Taufkirchen,84416,48.32766,12.12613,2.319,2.159,2.109,True
116fd007-01bc-49ac-accd-71ec5d7c25f0,ESSO,ESSO,Landshuter Str. 42,Taufkirchen (Vils),84416,48.352433,12.129775,2.319,2.159,2.099,True
b5be3ae3-6469-45ff-bc7d-61030dff2355,V-Markt,V-Markt,Danziger  Str. 1,Türkheim,86842,48.06883,10.64515,2.319,2.109,2.049,True
6536b656-e579-4a10-af7c-751cb7db4def,ARAL,ARAL,Illerstraße 2,Ulm,89077,48.389088,9.978195,2.319,2.179,2.119,True
8e271cf6-2acf-47ae-b19a-9d50900264de,ARAL,ARAL,Junginger Straße 11,Ulm,89081,48.436443,9.970989,2.319,2.189,2.129,True
00061407-0004-4444-8888-acdc00000004,EDEKA,EDEKA,Am Aussichtsturm 3,Wasserburg,83512,48.056179046631,12.236330032349,2.319,2.149,2.089,True
005056a9-779e-1eed-bbb6-ac92adf850cd,ORLEN Express,ORLEN Express,Staudhamer Feld 3,Wasserburg a Inn,83512,48.060311,12.17396,2.319,2.129,2.069,True
2254b8cd-866b-49df-bd54-cbc36c2e7ed6,HEM,HEM,Bahnhofstr. 89,Übersee,83236,47.819016,12.49646,2.319,2.209,2.149,True
dc0eb131-bb04-460d-a294-a08858bd3465,Freie,Freie,Rosenheimer Str. 58,Griesstätt,83556,47.98822,12.178837,2.328,2.158,2.108,True
8dd39ed5-f22d-4d82-b24b-ad0261bbfd37,ESSO,ESSO,HOCHFELLNSTR. 21,BERGEN,83346,47.804571,12.590665,2.329,2.209,2.149,True
51d4b701-a095-1aa0-e100-80009459e03a,JET,JET,MUENCHNER STR. 1B,FORSTING PFAFFING,83539,48.07989,12.09533,2.329,2.139,2.079,True
51d4b50a-a095-1aa0-e100-80009459e03a,JET,JET,KEMPTENER STR. 34,FUESSEN,87629,47.56857,10.68827,2.329,2.139,2.079,True
22aed561-5146-4ebe-94dd-6242aad2f079,TOTAL,TOTAL,Oberwinkl 4,Grabenstätt,83355,47.8280563,12.5211229,2.329,2.219,2.159,True
e972b837-abef-4cb3-ad42-65c9ccf1f72c,AVIA,AVIA,Münchner Str. 30,Grafing,85567,48.048628,11.966794,2.329,2.149,2.089,True
7a79843c-09fb-4985-b4d5-3b2d41dc0fd7,ARAL,ARAL,Münchener Straße 37,Grafing,85567,48.0494,11.965836,2.329,2.169,2.109,True
d9cb4ea2-5842-7030-fe4d-fcf8570059b5,SIT,SIT,Rotterstr. 32,Grafing,85567,48.046545,11.973976,2.329,2.139,2.079,True
274e07a9-b212-4902-929b-2189a8e6932d,Freie Tankstelle,Freie Tankstelle,Bahnhofstraße 11,Halfing,83128,47.952698,12.278975,2.329,2.169,2.109,True
af9bbfb5-7320-414f-aa93-715dfd07182e,ARAL,ARAL,Seefelder Straße 28,Herrsching,82211,48.00234,11.181872,2.329,2.169,2.109,True
e5b69ac7-bdee-4c66-bd1a-a8ca8dbffb5d,ARAL,ARAL,Münchner Straße 10,Höhenkirchen-Siegert,85635,48.019726,11.709872,2.329,2.169,2.109,True
f7cd2d65-649a-49c0-96b0-71c93e0e5f4a,AGIP ENI,AGIP ENI,Reichenhaller Str. 24,Inzell,83334,47.761119331753,12.748369321067,2.329,2.209,2.149,True
158eb688-c2af-4310-97bb-0d3cf77cf8c9,ENI,ENI,Wendling 14,Irschenberg,83737,47.8268,11.8982,2.329,2.209,,True
52f1e679-abc9-45c7-ae19-0b5e5a73194a,OIL! (Automatenstation),OIL! (Automatenstation),Boschstr. 12,Karlsfeld,85757,48.2261,11.4847,2.329,2.179,2.119,True
17cacc15-eeb4-47c5-a170-f7ef59cc3b1a,bft,bft,Freilassinger Straße 62,Laufen,83410,47.9323,12.9375,2.329,2.179,2.119,True
97090936-8e9d-4a5a-ab8b-95610ea9f62c,ESSO,ESSO,KAUFBEURENER STR. 44,MARKTOBERDORF,87616,47.785196,10.62168,2.329,2.149,2.089,True
2f9c045b-bdc2-4e81-8de8-fb039337a9ba,ESSO,ESSO,STRASS 2,MIESBACH,83714,47.782738302251,11.834378242493,2.329,2.209,2.149,True
549c32dc-c6db-4a84-86eb-c0c9a141c635,ESSO,ESSO,LANDSBERGER STR. 25,MINDELHEIM,87719,48.048481,10.501953,2.329,2.129,2.069,True
f9e3fc8d-0249-4ed9-8955-a1c029d2fecf,AVIA,AVIA,Ebersberger Str. 46,Markt Schwaben,85570,48.185149455827,11.869292782278,2.329,2.149,2.089,True
4e16eb16-79a1-4429-9988-35b38abe950a,ARAL,ARAL,Brückenstraße 6,Marktoberdorf-Thalho,87616,47.77358,10.603584,2.329,2.159,2.099,True
7b9196ef-f993-4df1-a5e2-f6f7d364b7a9,AVIA XPress,AVIA XPress,Münchener Straße 98,Mering,86415,48.259,10.98503,2.329,2.179,2.119,True
27b4ed17-71aa-4c2b-b456-5471d7344a93,BayWa,BayWa,Unterberger Straße 9-11,Mering,86415,48.2629,10.98354,2.329,,,True
9692e1a7-bddc-4c76-a434-e01d5059fc5c,BK,BK,Münchner Straße 64,Mering,86415,48.26224,10.984647,2.329,2.179,2.119,True
48854a67-5208-469c-a999-ce263b29d0f3,ARAL,ARAL,Nebelhornstraße 8,Mindelheim,87719,48.036083,10.501371,2.329,2.159,2.099,True
8d3f8ec1-95ba-42bc-9c9a-79432c2695e3,ARAL,ARAL,Richard Strauss-Straße 70,München,81679,48.145718,11.616339,2.329,2.179,2.119,True
f0662565-9a1f-46c9-b93d-4a4facc32e9f,AGIP ENI,AGIP ENI,Flughafen Nordallee 45,München-Flughafen,85356,48.353954343494,11.749375602332,2.329,2.219,2.159,True
005056a9-4231-1edc-96b4-3199d13046b0,AGIP ENI,AGIP ENI,Erdinger Allee 2,München-Flughafen,85356,48.360248,11.823794,2.329,2.219,2.159,True
176bbaeb-43a8-40e5-ba5c-e061ca24b1e0,TotalEnergies Truckstop,TotalEnergies Truckstop,An der Leibi 1,Nersingen,89278,48.416506,10.101096,2.329,2.189,2.129,True
0f4771c5-9e00-41d4-9c13-ec7fe6280e45,BK,BK,Memminger Straße 51,Ottobeuren,87724,47.947197,10.289382,2.329,2.139,2.079,True
a6e5d9fa-72ac-47d3-bb12-82c8ffc1ba45,AGIP ENI,AGIP ENI,Seehauser Str. 9,Ruhpolding,83324,47.75992,12.6502,2.329,2.209,2.149,True
b3f0c1df-c145-4337-890b-85ac9fef4fb2,ARAL,ARAL,Hauptstraße 1,Ruhpolding,83324,47.7661,12.640801,2.329,2.209,2.149,True
1a40cfdc-15d1-4aaf-be32-407f117d285a,ELAN,ELAN,Augsburger Str. 4,Schwabhausen,85247,48.303417,11.355189,2.329,2.129,2.069,True
16e80027-77cc-4061-b797-2e6180646a16,AGIP ENI,AGIP ENI,Traunsteiner Strasse 19,Siegsdorf,83313,47.825000510596,12.638131392545,2.329,2.209,2.149,True
c43da3eb-b012-7ab5-aa85-11113a20621e,TopTank,TopTank,Hauptstr. 19,Steinhöring/Tulling,85643,48.08337,12.059882,2.329,2.139,2.079,True
00060654-0001-4444-8888-acdc00000001,Tankstelle Rieger Töging,,Hauptstraße 56,Töging,84513,48.257038116455,12.593193054199,2.329,2.169,,True
00060942-3e53-4444-8888-acdc00000001,Tankstelle Klaus Maier,Tankstelle Klaus Maier,Erhartinger Straße 28,Töging,84513,48.260368347168,12.58469581604,2.329,2.159,,True
41212c59-b815-815d-e100-00000630df04,AGIP ENI,AGIP ENI,Hauptstrasse 79,Unterwössen,83246,47.733565,12.459882,2.329,2.219,2.159,True
93dacb1f-72eb-4eb5-a922-5799cc2b1bf5,ARAL,ARAL,Wasserburger Landstraße 3,Vaterstetten,85591,48.096268,11.771361,2.329,2.169,2.109,True
553b599b-8c29-4f48-bd30-a999d7a233a7,BK,BK,Rosenheimer Str. 13,Wasserburg,83512,48.057448,12.228956,2.329,2.159,2.099,True
00060570-0001-4444-8888-acdc00000001,RZ Zeislmeier GmbH,RZ Zeislmeier GmbH,Salzburger Str. 5,Wasserburg,83512,48.057838439941,12.23178768158,2.329,2.159,2.099,True
6b6a0b44-e2f8-4fe5-a3ea-e4970d41dd13,ARAL,ARAL,Münchener Straße 32,Weyarn,83629,47.863983,11.795796,2.329,2.199,2.139,True
04c04265-5947-40e7-9283-e5c58ee54fd4,BK,BK,Ottobeurer Str. 52,Markt Rettenbach,87733,47.946904,10.385515,2.334,2.284,2.224,True
2cf78092-1009-4fb1-890e-2210813d6df4,Tankstelle Stettner,Tankstelle Stettner,Sterneck 4,Buchbach,84428,48.291809,12.325833,2.338,2.158,,True
09d5951b-3495-4160-a14a-52290eda4406,Hoerndl Freie Tankstelle,Hoerndl Freie Tankstelle,Gewerbebogen 4,Forstinning,85661,48.17095,11.92062,2.338,2.158,2.098,True
8e59c6ae-24f6-49ad-b767-b9397dacdf7d,AVIA,AVIA,Memminger Str. 89,Altenstadt,89281,48.1593,10.1145,2.339,2.189,2.129,True
aa796fe0-e056-47c4-2cbf-048b7330267d,Freie Tankstelle Hündl,Freie Tankstelle Hündl,Rosenheimer Str. 6,Aschau,83229,47.780866,12.322362,2.339,2.219,2.199,True
74ff5ad6-e645-4dcc-bae1-e9e2e61af04f,Shell,Shell,Erdinger Str. 6,Aschheim,85609,48.171355,11.719475,2.339,2.189,2.129,True
e931329d-017a-47c9-bd96-2396e3cbac8c,Shell,Shell,Kobelweg 72-74,Augsburg,86156,48.386208,10.848507,2.339,2.189,2.129,True
21b3655f-33ab-4499-9558-f7c76ae61014,BayWa,BayWa,Bahnhofstr. 19,Babenhausen,87727,48.13931,10.24849,2.339,2.189,2.129,True
3ea6d9b0-bac9-45a2-8dc8-6fe7a202c346,ESSO,ESSO,Priener Str. 10,Bernau,83233,47.812803,12.372081,2.339,2.229,2.169,True
7e685257-2a2a-4b78-81bc-c5b16321d493,Shell,Shell,Theodor-Sanne-Str. 1,Bernau A.Chiemsee,83233,47.814121,12.366667,2.339,2.229,2.169,True
51d4b485-a095-1aa0-e100-80009459e03a,JET,JET,DAIMLERSTR. 1,DACHAU,85221,48.26241,11.46881,2.339,2.189,2.129,True
960370a4-cea5-463e-bf42-8b10732f50f8,Shell,Shell,Haager Str. 48 A,Dorfen,84405,48.267384,12.155068,2.339,2.189,2.129,True
32910e41-78b2-4c04-8170-38c3716c1232,ESSO,ESSO,MUENCHENER STR. 15,EBERSBERG,85560,48.075966,11.963014,2.339,2.159,2.099,True
51d4b42c-a095-1aa0-e100-80009459e03a,JET,JET,HAUPTSTR. 45,EGLHARTING,85614,48.0819,11.8584,2.339,2.149,2.089,True
d29cac69-fce1-48e1-acc7-e2071fce0f58,ESSO,ESSO,Am Forst 2,Ebersberg,85560,48.096427,11.962181,2.339,2.159,2.099,True
efce68ae-2e4a-402b-9140-edfa5dfe37c0,Bavaria Petrol,Bavaria Petrol,Berghamer Straße 3,Erding,85435,48.276604,11.899183,2.339,2.159,2.099,True
76af2f1d-e4ed-4e86-9a29-0a527e0b4ba9,Shell,Shell,Muenchner Str. 11,Feldkirchen,85622,48.145741,11.727692,2.339,2.189,2.129,True
2793cb9a-feb7-4841-99bc-fe59ff924100,AVIA XPress,AVIA XPress,Hiebeler Str. 18,Füssen,87629,47.57397,10.66731,2.339,,,True
6aadb2e2-cbda-4fcb-862c-e01330a55136,TopTank,TopTank,Zugspitzstr. 42,Garmisch-Partenkirchen,82467,47.490545,11.076761,2.339,2.179,2.119,True
4ca27b13-2a7f-454d-a159-5907e83b1e24,ALLGUTH,ALLGUTH,Landsberger Straße 90,Gilching,82205,48.09449,11.283,2.339,2.199,2.139,True
c3524a94-dc97-4ed5-876f-1a96f86d2652,ARAL,ARAL,Landsberger Straße 2,Graben,86836,48.198673,10.853949,2.339,2.199,2.139,True
a9908a4b-4285-4664-807d-6573f851f0d6,Shell,Shell,Rottauer Str. 19,Grassau,83224,47.777916,12.446281,2.339,2.219,2.159,True
f045fada-044b-416a-be61-5caf3306a331,Shell,Shell,Olchinger Str. 152,Groebenzell,82194,48.192396,11.373518,2.339,2.189,2.129,True
67849bd9-a514-463b-b21b-f509e68329a9,Shell,Shell,Hauptstr. 7,Haimhausen,85778,48.313144,11.550131,2.339,2.199,,True
53a40ec8-4a9c-459f-812d-27b64f0805ee,ALLGUTH,ALLGUTH,Hauptstr. 24,Hohenlinden,85664,48.155994,11.999013,2.339,2.159,2.099,True
3e7a6572-2026-4bfe-b2f4-1b0193954d0d,AVIA XPress,AVIA XPress,Hauptstraße 28,Hopferau,87659,47.61235,10.63465,2.339,2.189,2.129,True
20adbcdb-9893-4c33-b28e-7588bbdf416c,Shell,Shell,Memminger Str. 49,Illertissen,89257,48.217251,10.102786,2.339,2.189,2.129,True
e3113082-948e-4ab4-83eb-039121d5c21f,AVIA,AVIA,Kemptener Str. 53,Immenstadt,87509,47.56337,10.22639,2.339,2.149,2.089,True
db36edf9-1b44-4358-8e29-e2bdf7b12ef1,freie Tankstelle,freie Tankstelle,Münchner Straße 8,Isen / Oberbayern,84424,48.21235,12.05644,2.339,2.139,,True
3e6a3b21-44c4-48af-943a-fcbc133c6d38,Shell,Shell,Robert-Bosch-Str. 10,Jettingen-Scheppach,89343,48.411228,10.439988,2.339,2.189,2.129,True
22ad5946-78de-4c03-8b3f-cb7bc0bf1c4d,ALLGUTH,ALLGUTH,Münchner Str. 146,Karlsfeld,85757,48.22675,11.46493,2.339,2.189,2.129,True
f5f0cd8a-d39e-4f5a-82d6-70d71c75b12d,TotalEnergies,TotalEnergies,Schwabmuenchner Str. 16,Klosterlechfeld,86836,48.159048,10.82816,2.339,2.209,2.149,True
5b89231c-e229-4b35-b52c-371d88d89c99,SB-Tankstelle,SB-Tankstelle,Walchenseestr. 34,Krün,82494,47.50862,11.27942,2.339,2.179,,True
09d6912f-0b17-4b80-9a90-8e9bbc297895,FTO-freie Tankstelle Oliv,,Hauptstr. 11,Königsdorf,82549,47.81842,11.48283,2.339,2.199,2.199,True
49b43006-e59e-4af3-819a-14831d124fc7,Shell,Shell,Kiesgraeble 2,Langenau,89129,48.493252,10.107826,2.339,2.189,2.129,True
565bb678-387a-4aee-8cee-adf5d9065ff5,ARAL,ARAL,Ulmer Straße 13,Leipheim,89340,48.445885,10.21254,2.339,2.179,2.119,True
4e69b3fd-4af3-4059-9888-c8da4310c3b3,AVIA,AVIA,Ottobeurer Straße 36,Markt Rettenbach,87733,47.9476,10.39033,2.339,2.279,2.219,True
70c31b94-7de6-43e3-989f-23dfc4b3fb63,Shell,Shell,Augsburger Str. 59,Mering,86415,48.27319,10.985251,2.339,2.189,2.129,True
ab3a1f3d-06fb-4433-ace2-616e947a739a,Sunoil,Sunoil,Partenkirchner Strasse 17,Mittenwald,82481,47.444924,11.263304,2.339,2.179,2.119,True
9a305a86-0398-4c30-9070-9702d712d288,Frei,Frei,Erdinger Str. 35,Moosinning,85452,48.27676,11.84478,2.339,2.179,2.119,True
02071bff-1f29-4c5e-9823-3644589ee89e,Shell,Shell,Gundermannstr. 6,Muenchen,80935,48.204544,11.558951,2.339,2.189,2.129,True
ed29a720-c573-49d1-af9c-467c8d83969d,TotalEnergies,TotalEnergies,Petuelring 92,Muenchen,80807,48.17816,11.572129,2.339,2.199,2.139,True
0abaccf2-5efa-4536-b5c5-afe3932e3724,Shell,Shell,Ungererstr. 65,Muenchen,80805,48.17129,11.594731,2.339,2.199,,True
05b4fbb3-13d8-4641-a461-543901e25b29,Shell,Shell,Tegernseer Landstr. 181,Muenchen,81539,48.107649,11.580246,2.339,2.189,,True
3d2fe1ed-0684-4006-9b96-674a48debb8f,ARAL,ARAL,Schleißheimer Straße 257,München,80809,48.178787,11.567097,2.339,2.199,2.139,True
c8055d92-fe51-465c-8569-edda2a74b1a0,ARAL,ARAL,Schenkendorfstraße 15,München,80807,48.17729,11.589353,2.339,2.199,2.139,True
aaa59382-832f-470c-834d-01ce0cf3a522,BFT,BFT,Unterer Markt 25,Oberguenzburg,87634,47.848853,10.418074,2.339,2.139,2.119,True
113d0e89-7bd3-4e74-867b-0bf1904f7662,AGIP ENI,AGIP ENI,Seeonerstrasse 1,Obing,83119,47.999775496446,12.41016085707,2.339,2.209,2.149,True
cc4d88db-5723-4f31-b029-b48895381499,ARAL,ARAL,Rudolf-Diesel-Str. 2.,Odelzhausen,85235,48.30709,11.203779,2.339,2.169,2.109,True
e3e95abd-d3fe-4264-a556-5c3c66a3f65c,AVIA,AVIA,Luitpoldstrasse 38,Ottobeuren,87724,47.93874,10.30065,2.339,2.279,2.219,True
1d46fba4-4886-4708-ae32-0ffad8d8a71f,Shell,Shell,Rosenheimer Landstr. 81,Ottobrunn,85521,48.06027,11.664917,2.339,2.189,2.129,True
80f06128-277b-471c-a88b-9f922a8714dd,AVIA XPress,AVIA XPress,Hauptstraße 2,Oy-Mittelberg,87466,47.64813,10.45479,2.339,2.189,,True
982cbdad-cc37-4189-a17c-0af9388ab9b1,ESSO,ESSO,BERNAUER STR. 32,PRIEN,83209,47.851564,12.343858,2.339,2.229,2.169,True
bea82e21-5063-4b8d-be23-8bc5d7cd6a25,Shell,Shell,Seeshaupter Str. 46,Penzberg,82377,47.764234,11.362486,2.339,2.189,2.129,True
64b71ebf-8ef0-4d59-9dc4-bfd93c11d99f,ARAL,ARAL,Mindelheimer Straße 19,Pfaffenhausen,87772,48.120365,10.462015,2.339,2.169,2.109,True
7ae1f085-4c49-4be7-9210-fbf739f4af8d,AVIA,AVIA,Bernauer Str. 49,Prien,83209,47.848266600083,12.345049040475,2.339,2.229,2.169,True
202da2a5-dfb5-4f7f-89dc-ef5b92cdb162,AVIA,AVIA,Burgberger Straße 26,Rettenberg,87549,47.5726,10.28909,2.339,2.149,2.089,True
fb456de7-807a-42aa-9510-c92bb58d9c3a,Shell,Shell,Westerndorfer Str. 70,Rosenheim,83024,47.875147,12.111214,2.339,2.189,2.129,True
0f269d49-b196-49c4-b21d-df11a40cd3ff,Shell,Shell,Aeussere Muenchener Str. 43,Rosenheim,83026,47.852527,12.100894,2.339,2.189,2.129,True
f63b4f1c-b244-4d24-82b6-da8e0360b1af,ESSO,ESSO,Auseestr. 4,Rott am Inn,83543,47.978707,12.139002,2.339,2.179,2.119,True
f2ed6cb5-d0ba-4256-a741-26f56f2d76eb,AVIA,AVIA,Dachauer Straße 10,Schwabhausen,85247,48.29644,11.37363,2.339,2.139,2.079,True
8762ca69-1068-4721-ac69-92bece02dd9c,ARAL,ARAL,König-Ludwig-Straße 2,Schwangau,87645,47.579327,10.741941,2.339,2.159,2.099,True
00569e4a-3ee2-4bd9-b5be-b71876e4efa8,AVIA XPress,AVIA XPress,Hauptstraße 25,Seeg,87637,47.65421,10.60878,2.339,2.189,2.129,True
4b20585e-3452-479f-8aed-a940b013364e,BayWa,BayWa,Soeldenhofstr. 2a,Trostberg,83308,48.038468,12.571091,2.339,2.199,,True
57dfcc82-4e53-4e91-b320-18d6e40beee0,PIN Service-Station,PIN Service-Station,Wörishofer Straße 23,Türkheim,86842,48.055428,10.636916,2.339,2.139,2.079,True
429655e0-fc8a-46dc-936d-fad566d539ec,ESSO,ESSO,SELIGWEILER 1,ULM,89129,48.459504,10.033637,2.339,2.169,2.109,True
37b00b65-31bd-4c90-a19b-ff9db620f9ef,ARAL,ARAL,Münchener Straße 7,Wasserburg,83512,48.061268,12.209808,2.339,2.179,2.119,True
e50c6d10-4349-434d-b2db-a092099831eb,FTO-freie Tankstelle Oliv,,Hans-Urmiller-Ring 21,Wolfratshausen,82515,47.90411,11.4258,2.339,2.199,,True
95b65930-94ea-4d36-b93a-da2a2fe9a898,Shell,Shell,Am Waizenhof 12,Aichstetten,88317,47.880611,10.040116,2.349,2.199,2.139,True
00060332-0001-4444-8888-acdc00000001,Fa. Georg Wurm Treibstoffe,,Traunsteinerstraße 38,Altenmarkt,83352,47.993595123291,12.535374641418,2.349,2.199,2.139,True
5ba8bf38-e311-4dac-acc8-6538e5477db8,Shell,Shell,Von-Cobres-Str. 11,Augsburg,86199,48.343847,10.869695,2.349,2.199,2.139,True
96b21fd8-5892-4dae-81c6-7856577b6d5a,Shell,Shell,Bürgermeister-Ackermann-Str. 40,Augsburg,86156,48.372614,10.865943,2.349,2.199,2.139,True
f7ddcca3-16cb-4a88-b26f-2c47cd2f17e9,Shell,Shell,Kurt-Schumacher-Str. 4,Augsburg,86165,48.376055,10.929084,2.349,2.199,2.139,True
2c730738-ecf1-4c5a-ae22-bc17275c306a,Shell,Shell,Bahnhofstr. 7,Babenhausen,87727,48.140729,10.248084,2.349,2.199,2.139,True
e6cbf50a-bf7d-4156-a7c4-e281d364d964,Shell,Shell,Auer Str. 25,Bad Feilnbach,83075,47.778262,12.001317,2.349,2.199,2.139,True
79ef8b45-e389-4e9e-a3b4-21c0e5e93be4,Shell,Shell,Tölzer Strasse 23,Bad Heilbrunn,83670,47.746471,11.464557,2.349,2.199,2.139,True
71e65c1f-d660-40c3-bdaa-c8c5f963e023,Shell,Shell,Reichenhaller Str. 23,Bad Reichenhall,83435,47.746026,12.906275,2.349,2.199,2.139,True
d9122fdf-cd05-4299-b83e-39c65aa1592f,Freie Tankstelle,Freie Tankstelle,Hauptstr. 36b,Buch am Buchrain,85656,48.216316,12.001255,2.349,2.179,2.119,True
16e0b52f-25ca-4d11-9039-eb0a0df9fd81,AVIA,AVIA,Marktplatz 16,Buchbach,84428,48.31312,12.27349,2.349,2.169,2.109,True
0506b966-2ef9-48b0-a698-741a336e6dd7,Shell,Shell,Altoettinger Str. 1,Burgkirchen A.D.Alz,84508,48.173511,12.726135,2.349,2.199,2.139,True
d07b0067-f28e-4575-836e-b1d565b24b19,ESSO,ESSO,MUENCHNER STR. 63,DACHAU,85221,48.249052,11.443683,2.349,2.199,2.139,True
8f2e54d9-12b2-4f42-a012-6942c57688e9,ESSO,ESSO,Brucker Str. 79,Dachau,85221,48.257635,11.419602,2.349,2.199,2.139,True
34d2cd04-efe1-4631-b56f-3d467f5988b6,TotalEnergies,TotalEnergies,Muenchner Str 87,Dachau,85221,48.245212,11.448775,2.349,2.199,2.139,True
20d9d5ca-e707-40f6-8f92-d1d25aef555a,Shell,Shell,Wuermstr. 3,Dachau,85221,48.257508,11.462979,2.349,2.199,2.139,True
e42c4d80-1f3d-4456-9a28-1d0a665e09fb,ARAL,ARAL,Alte Römerstraße 50,Dachau,85221,48.259686,11.469937,2.349,2.199,2.139,True
1273302b-5410-4236-b8fa-391eaccb6295,ESSO,ESSO,MUENCHENER STR. 57,ERDING,85435,48.301261,11.90053,2.349,2.169,2.109,True
95f4aa20-75b6-4c6a-95e6-586e782210d6,Shell,Shell,Dieselstr. 28,Eching,85386,48.310629,11.64671,2.349,2.199,2.139,True
0f83c70b-31e7-43ba-967b-4361e5e69bf5,Shell,Shell,Muenchener Str. 42,Erding,85435,48.303223,11.901461,2.349,2.199,2.139,True
f0bf089a-9a00-418e-a99b-5bb636a02877,Shell,Shell,Eidlerholzstr. 22,Erkheim,87746,48.026016,10.327889,2.349,2.199,2.139,True
28e568c6-1a98-47c8-b3cb-802874952ece,ESSO,ESSO,Hauptstr. 10,Farchant,82490,47.531286,11.11257,2.349,2.189,2.129,True
b52b7100-d311-4953-8728-4b1f16c5b371,Shell,Shell,Aschauer Str. 6,Frasdorf,83112,47.802473,12.291343,2.349,2.229,2.169,True
aa2f7830-2c0a-4a37-803e-8824a8eef426,Shell,Shell,Augsburger Str. 42,Fuerstenfeldbruck,82256,48.186668,11.246658,2.349,2.199,2.139,True
4e575f46-b63c-4167-8860-fe9f9b9d2ad6,ESSO,ESSO,ZUGSPITZSTR. 44,GARMISCH-PARTENKIRCHEN,82467,47.490556,11.075959,2.349,2.189,2.129,True
37d9e43f-38af-40e5-9402-abf6dee277c3,ARAL,ARAL,Schleißheimer Straße 124,Garching,85748,48.2504,11.6067,2.349,2.179,2.119,True
e1a8a0a8-9fe1-480d-8060-30ed3f537ae0,AGIP ENI,AGIP ENI,Burgstr. 16,Garmisch-Partenk.,82467,47.498930757018,11.087981541325,2.349,2.189,2.129,True
16571c41-3d39-42f4-b705-a1d7af1329fb,ARAL,ARAL,Hauptstraße 20,Garmisch-Partenkirch,82467,47.500454,11.101443,2.349,2.189,2.129,True
f1ac873b-48fc-48ad-994f-572f001d57cd,Shell,Shell,Hauptstr. 97,Garmisch-Partenkirchen,82467,47.490085,11.112933,2.349,2.199,2.139,True
23e00cd7-7415-4cda-a30a-836d26b3a4c3,Shell,Shell,Am Roemerstein 16,Gilching,82205,48.105746,11.305187,2.349,2.209,2.149,True
bf488106-7f55-4ded-ab7d-ec130d8f2b2c,Shell,Shell,Keferloh 6,Grasbrunn,85630,48.096683,11.729236,2.349,2.199,2.139,True
f66a6567-785f-4ad4-bd96-a7ce26062b5e,Shell,Shell,Suedliche Muenchner Str. 27,Gruenwald,82031,48.046886,11.52978,2.349,2.199,2.139,True
3f0508b2-23a4-40bd-add2-f4b806bdf008,AVIA,AVIA,Freisinger Straße 2,Hebertshausen,85241,48.28949,11.47118,2.349,2.199,2.139,True
d7f5e6c6-db4f-4385-9e10-2c9c813ad1ab,TotalEnergies,TotalEnergies,Josef-Neumeier-Str. 1,Hohenlinden,85664,48.155687,11.986555,2.349,2.169,2.109,True
dc6d5b20-4cdd-402f-9772-08d7e62c7f85,Shell,Shell,Muenchner Str. 60,Hohenschaeftlarn,82069,47.992021,11.45946,2.349,2.199,,True
f67ce4f7-9dbd-4008-86b5-f70ac0acb99e,Shell,Shell,Marschall 75,Holzkirchen,83607,47.871831,11.717195,2.349,2.199,2.139,True
901a2b1f-e3c2-49ef-8ab8-364f634faa2c,ESSO,ESSO,Gewerbestr. Nord 19,Hurlach,86857,48.127831,10.83487,2.349,2.219,2.159,True
a2c1cdd2-477c-41cd-b116-1cd3b4b3e17c,AVIA,AVIA,Münchner Straße 2,Icking,82057,47.95443,11.43848,2.349,2.169,2.109,True
bbbbd97a-27f1-4f19-8083-44dfa4fa4f89,Shell,Shell,Gewerbestr. 1,Jengen,86860,48.003505,10.722013,2.349,2.199,2.139,True
1106cf26-a0fa-48c3-8fdf-552dd038373b,Shell,Shell,Muenchner Str. 163,Karlsfeld,85757,48.225518,11.468155,2.349,2.199,,True
4ab2ec26-a8ee-4e21-964d-a6425a9659b6,Shell,Shell,Muenchner Str. 174,Karlsfeld,85757,48.224737,11.468527,2.349,2.199,2.139,True
3c57e143-470c-4130-b8ea-0a775e5f081c,Shell,Shell,Sudetenstr. 6,Kaufbeuren,87600,47.898714,10.644375,2.349,2.199,2.139,True
27a7a083-a278-4bf6-92eb-68370bc375e2,Shell,Shell,Viktor-frankl-str. 1,Kaufering,86916,48.080981,10.859929,2.349,2.219,2.159,True
d38e765a-ed77-4196-906a-b420b084daa3,Shell,Shell,Duracher Str. 11,Kempten,87437,47.714297,10.328111,2.349,2.199,2.139,True
beea8dec-e1db-4715-ae36-da7ee26287fe,Shell,Shell,Simbacher Str. 6,Kirchham,94148,48.345739,13.246242,2.349,2.199,2.139,True
44f88e66-63a7-4ece-bb79-fd2c52c42df7,AGIP ENI,AGIP ENI,Hauptstr. 18,Klais,82493,47.48378,11.23722,2.349,2.189,2.129,True
689e1f81-7786-41e0-8f2c-cf722ca309f8,Shell,Shell,Augsburger Str. 49,Mammendorf,82291,48.205613,11.156861,2.349,2.199,2.139,True
092b6bef-776f-41e5-bcd9-577b2eb14bda,Shell,Shell,Eggenfeldener Str. 36,Massing,84323,48.39478,12.614749,2.349,2.199,2.139,True
e262b050-77b3-4f3c-8fba-5a6dbd75b862,Shell,Shell,Rosenheimer Str. 9,Miesbach,83714,47.789183,11.83749,2.349,2.209,2.149,True
7d152fca-8625-48ea-b4db-389f86aceeee,Shell,Shell,Landsberger Str 10,Mindelheim,87719,48.046949,10.49272,2.349,2.199,,True
bf70cea8-ce4b-463f-b145-3aad98af4347,Shell,Shell,Am Brunnstein 2,Mittenwald,82481,47.39957,11.266046,2.349,2.199,2.139,True
0a232eef-5e75-4a2b-a0b0-d31e1883e29f,Shell,Shell,Bodenseestr. 40,Muenchen,81243,48.146904,11.451424,2.349,2.199,2.139,True
eca70e95-396b-4ed5-99bf-001f66c5f0d8,Shell,Shell,Verdistr. 96,Muenchen,81247,48.164999,11.467211,2.349,2.199,2.139,True
7b2fc7a4-f619-4994-aa91-ce5d880899e0,Shell,Shell,Menziger Str. 10,Muenchen,80638,48.160089,11.511804,2.349,2.199,2.139,True
26bd62f8-6021-4418-ba4f-26100f8dca1e,Shell,Shell,Fuerstenrieder Str. 80,Muenchen,80686,48.134003,11.502426,2.349,2.199,2.139,True
5342d82a-fefd-44c8-a59d-be8111fdb867,Shell,Shell,Wilhelm-Hale-Str. 55,Muenchen,80639,48.148951,11.519951,2.349,2.199,2.139,True
dba3e2af-0314-4c39-9a13-57244fdeb47d,Shell,Shell,Liesl-Karlstadt-Str. 25,Muenchen,81476,48.084623,11.49077,2.349,2.199,2.139,True
43bd86fc-24e7-4880-9caf-8bc4d1fa42e9,TotalEnergies,TotalEnergies,Lerchenauer Str. 75,Muenchen,80809,48.18267,11.553935,2.349,2.199,2.139,True
5c97286d-228e-4def-8d30-2c2f63668b92,Shell,Shell,Nymphenburger Str. 57-59,Muenchen,80335,48.149381,11.548005,2.349,2.199,2.139,True
cd76d303-7e72-4fc8-bbaf-04328901c322,Shell,Shell,Moosacher Str. 25,Muenchen,80809,48.186541,11.561132,2.349,2.199,2.139,True
ce503b9d-54d1-45c8-98e8-b1da736d4110,Shell,Shell,Schwere-Reiter- Str. 26,Muenchen,80797,48.16114,11.556605,2.349,2.199,,True
59a68826-5a76-499f-82d3-f49fc076d284,TotalEnergies,TotalEnergies,Detmoldstr. 1,Muenchen,80935,48.192311,11.564284,2.349,2.199,2.139,True
8bf5c34a-c3f1-4e52-9173-38f6bebbcd3d,Shell,Shell,Frankfurter Ring 87,Muenchen,80807,48.187998,11.580609,2.349,2.199,2.139,True
52d554ea-73ce-4d4c-bee3-0a858ededb33,Shell,Shell,Leopoldstr. 140,Muenchen,80804,48.168581,11.586574,2.349,2.199,,True
31942518-6065-454a-8541-bb4c80f13fd4,Shell,Shell,Kreillerstr. 128,Muenchen,81825,48.125337,11.648482,2.349,2.199,2.139,True
0c3b710a-3aae-45c9-998d-e0783ef83b60,Shell,Shell,Grillparzerstr. 15,Muenchen,81675,48.134553,11.609854,2.349,2.199,2.139,True
2acc4724-ea6a-4874-baa6-e191ccb12756,Shell,Shell,Innsbrucker Ring 142,Muenchen,81669,48.114907,11.617154,2.349,2.199,2.139,True
316ec60a-c961-4d88-8302-28851c9ae597,Freie,Freie,Richard-Wagner-Str. 4a,Mhldorf,84453,48.24761,12.51523,2.349,2.149,,True
af349244-ece9-4b1b-bf02-d0b18aff5a46,ESSO,ESSO,Füssener Str. 37,Nesselwang,87484,47.620391,10.506267,2.349,2.189,2.129,True
572be87c-f065-41c6-a436-be632825ef2a,Shell,Shell,Europastr. 44,Neu-ULm,89231,48.387301,10.03363,2.349,2.199,2.139,True
4f7a9530-5484-4dc3-b56c-06c79af8e273,AGIP ENI,AGIP ENI,Bahnhofstrasse 6,Oberammergau,82487,47.598808956472,11.059297352156,2.349,2.189,2.129,True
c9c9e730-276d-4b7d-ba91-1c2046cac6a3,AGIP ENI,AGIP ENI,Ettaler Str. 3,Oberau,82496,47.56028,11.12684,2.349,2.189,2.129,True
7f990b02-58ae-4670-b34c-94a09971c681,TotalEnergies,TotalEnergies,Hicklstr. 2,Oberschleissheim,85764,48.265174,11.593216,2.349,2.189,2.129,True
e48f9a3e-1fbc-4656-81e6-dd84288be57e,TotalEnergies,TotalEnergies,Am Etzfeld 2,Pastetten,85669,48.21091,11.9542,2.349,2.179,2.119,True
16294207-a855-40be-9781-63a317531a38,ENI,ENI,Allgäuerstraße 39,Pfronten,87459,47.584625,10.559278,2.349,2.189,2.129,True
1dfdc7c3-6d81-43db-8103-bc933771a05e,AVIA,AVIA,Meilinger Straße 26,Pfronten-Ried,87459,47.58308,10.56474,2.349,2.189,2.129,True
88dfaaf1-fad6-465a-924e-d675b3b11c23,Shell,Shell,Eichenauer Str. 35,Puchheim,82178,48.157986,11.334668,2.349,2.199,2.139,True
6c976908-49f3-4087-964b-a77ec4b1d9c2,ESSO,ESSO,Mühldorfer Str. 72,Schwindegg,84419,48.27162,12.2684,2.349,2.169,2.109,True
16598fe6-86a5-4339-911b-ee7235cf9cd5,Shell,Shell,Oberstdorfer Str. 5 A,Sonthofen,87527,47.507964,10.275724,2.349,2.199,2.139,True
9df7845d-9133-4a8d-acc9-a5be7d1a0276,Shell,Shell,Muenchner Str. 8,Starnberg,82319,48.002074,11.344671,2.349,2.199,2.139,True
c6392db4-8b59-420e-a403-b50092adea5b,Shell,Shell,Münchener Str. 5,Starnberg,82319,48.002454,11.344501,2.349,2.199,2.139,True
b9149637-c929-4e02-ab0f-581b8445fa35,Shell,Shell,Königsbronner Str. 27,Steinheim am Albuch,89555,48.694765,10.070455,2.349,2.199,2.139,True
86d2614a-a537-4c8f-a288-0354495ad219,AGIP ENI,AGIP ENI,Bayernstrasse 4,Trostberg,83308,48.027070698248,12.556434002044,2.349,2.209,2.149,True
783cc04b-2bbf-464a-a3e8-26d7faa2f6ed,Edeka,Edeka,Herzog-Otto-Straße 9,Trostberg,83308,48.02528,12.541666,2.349,2.199,2.139,True
b620d642-9cb8-4afd-a670-6f8c3227c5dd,Shell,Shell,Hauptstr. 9,Tutzing,82327,47.905089,11.276288,2.349,2.199,2.139,True
39f28b2a-c1ae-4be7-8e83-1b2bd0e5626f,TOTAL,TOTAL,Mindelheimer Str. 1,Türkheim,86842,48.043053,10.61995,2.349,2.199,2.139,True
78667dc3-f504-4cfa-b108-d17839d2772b,Shell,Shell,Hauptstr. 12,Ulm,89079,48.358842,9.987839,2.349,2.199,2.139,True
480acb9f-eaff-4806-83b7-b8c68a330269,Shell,Shell,Blaubeurer Str. 101,Ulm,89077,48.401091,9.955629,2.349,2.199,2.139,True
d97f24ac-29f7-4fd5-9173-1d72ac24e894,Shell,Shell,Münchner Ring 1,Unterschleissheim,85716,48.272074,11.590795,2.349,2.199,2.139,True
219beda9-5754-40e3-9fcd-d1edcbff4e01,ARAL,ARAL,Landshuter Straße 16,Velden,84149,48.368626,12.251242,2.349,2.169,2.109,True
553e94f7-94a5-4b98-918a-80e063fdcdad,Shell,Shell,Koenigsdorfer Str. 47,Wolfratshausen,82515,47.908327,11.428295,2.349,2.199,2.139,True
b3a9348f-8f05-4e21-b09a-0a8e1476640c,ARAL,ARAL,Sauerlacher Straße 64,Wolfratshausen,82515,47.913914,11.432373,2.349,2.169,2.109,True
f556416a-5165-4ab4-98cf-dfcb13c9b952,ESSO,ESSO,Münchner Str. 13,Zorneding,85604,48.083041,11.8222,2.349,2.159,2.129,True
00060549-76d2-4444-8888-acdc00000001,Freie T  F-T-F GmbH & Co. Kg,,Münchener Str. 46,Freilassing,83395,47.842620849609,12.976849555969,2.355,2.095,,True
4a1f9ff7-eaa0-416f-9458-a2eb133fbf49,Globus SB Warenhaus,Globus SB Warenhaus,Siemensstraße 4,Mühldorf / Inn,84453,48.249927,12.504,2.358,2.208,2.148,True
00047369-0001-4444-8888-acdc00000001,Tankstelle Franz Dechantsreiter,,Innstrasse 11,Mühldorf am Inn,84453,48.241470336914,12.520819664002,2.358,2.208,2.148,True
e3330a05-8592-49a2-8423-5d2ceaf4d6a0,DELTIN,DELTIN,Robert-Bosch-Straße 4,Ampfing,84539,48.25085067749,12.406281471252,2.359,2.209,2.149,True
471566ff-56ac-468a-b8b1-6a8dcaae008e,Freie,Freie,Mozartstraße 1,Aschau am Inn,84544,48.198566,12.361271,2.359,2.209,2.159,True
4ff3f54a-173b-4144-95a6-f5f0347f7e79,ARAL,ARAL,Hauptstraße 23,Chieming,83339,47.89035,12.5372,2.359,2.219,2.159,True
f43d6a5b-352a-480f-836a-4ec6ca7b2da7,TotalEnergies,TotalEnergies,Hauptstr. 40,Forstern,85659,48.186555,11.975332,2.359,2.169,2.109,True
e1a15081-255e-9107-e040-0b0a3dfe563c,HEM,HEM,Watzmannstr. 16,Kraiburg,84559,48.19133333,12.43698888,2.359,2.219,2.159,True
62fec512-177d-4614-8042-46d038dc4019,Breintner,Breintner,Egglkofenstrasse 2,Muehldorf,84453,48.256443,12.533697,2.359,2.179,2.119,True
1e3ec96c-de1e-47b2-9053-25ef4851b924,Breintner,Breintner,Münchener Strasse 70,Mühldorf,84453,48.24572,12.510453,2.359,2.179,2.119,True
d1ae7829-96a0-41bf-93f2-864f485c0792,BFT,BFT,Bergstr. 2,Neukirchen,83364,47.830638,12.747005,2.359,2.199,2.179,True
91225cdf-c462-42a5-b464-c5c3aaf6ab78,Raiffeisen,Raiffeisen,Bürgermeister-Johann-Mayer-Str. 1,Petting,83367,47.912773,12.816226,2.359,2.199,2.139,True
00060568-0001-4444-8888-acdc00000001,Toms Tankstelle,Toms Tankstelle,Bernauerstr. 65,Prien,83209,47.842189788818,12.348397254944,2.359,2.219,,True
0998a5ff-9573-4110-b0d5-c8adcdbe1d92,tankpoint,tankpoint,Trostberger Straße 16,Traunreut,83301,47.9622,12.61078,2.359,2.199,2.139,True
a04447ea-6a1b-44ce-a055-132015b56274,Freie Tankstelle,Freie Tankstelle,Traunwalchner Straße 12,Traunreut,83301,47.957043,12.596248,2.359,2.199,2.139,True
00060301-0001-4444-8888-acdc00000001,Freie Tankstelle,Freie Tankstelle,Hauptstraße 2,Traunreut - Matzing,83301,47.933860778809,12.595568656921,2.359,2.199,2.159,True
199d3956-4ca4-45d5-8306-567b3f794f2b,SB Tankstelle Wallner,SB Tankstelle Wallner,Salzburger Str. 43,Traunstein,83278,47.869058,12.668999,2.359,2.199,2.139,True
0263adda-28e0-415c-97f7-dac62ebbf179,Freie Tankstelle,Freie Tankstelle,Theresienstraße 2,Traunstein,83278,47.87211,12.638233,2.359,2.199,2.139,True
00060334-0001-4444-8888-acdc00000001,Tankstelle Schlögl,Tankstelle Schlögl,Trostberger Str. 15,Emertsham,83342,48.073497772217,12.48912525177,2.367,2.197,,True
4c6c131a-1cd0-4233-81a8-dd8a825bd453,ESSO,ESSO,Mühldorfer Str. 45,Ampfing,84539,48.256582,12.424368,2.369,2.219,2.159,True
36d5f922-89ce-4752-98ec-589b1421ebe7,AVIA,AVIA,Münchner Str. 45,Dachau,85221,48.2518019,11.4411667,2.369,2.199,2.139,True
5cdc63f1-0a57-4180-8202-28ea10da25d1,Siegfried Reuner Autohaus,,Steinerstr. 12,Palling,83349,48.002099,12.636415,2.369,2.199,2.169,True
d202210a-60f1-473b-ac8d-af2cb9f89dac,bft,bft,Griesbacherstr. 85,Rotthalmuenster,94094,48.365109,13.200859,2.369,2.159,,True
ed2fae24-143e-473e-bbaf-0d403c7915b0,ARAL,ARAL,Werner-von-Siemens-Straße 3,Traunreut,83301,47.96632,12.591563,2.369,2.209,2.149,True
810b5358-319a-4162-8d09-bf7151617688,AGIP ENI,AGIP ENI,Salzburger Straße 1 b,Traunstein,83278,47.8704,12.65816,2.369,2.209,2.149,True
e3afec62-8270-44c4-ba68-22314eaba3ec,ARAL,ARAL,Äussere Rosenheimerstr 23,Traunstein,83278,47.86706,12.633873,2.369,2.209,2.149,True
723408ed-8256-48d4-b3a1-d15eb66ea7c7,Shell,Shell,Rupertistr. 36,Traunstein,83278,47.864668,12.629616,2.369,2.209,2.149,True
790c20d1-98f2-434e-bf5e-056a378d0113,ARAL,ARAL,Chiemseestraße 50,Traunstein,83278,47.8681,12.622201,2.369,2.209,2.149,True
ab88dbbb-7d60-4748-883d-e4bd832adc88,Shell,Shell,Traunsteiner Str. 2,Waging,83329,47.932228,12.729345,2.369,2.209,,True
b70acfd2-f254-469a-91b9-95e6c571432f,ARAL,ARAL,Salzburger Straße 49,Waging,83329,47.934113,12.741812,2.369,2.209,2.149,True
8d2fa2fe-5530-4c25-9f1b-cb8d76d8abb9,AGIP ENI,AGIP ENI,Hauptstr. 23,Waging,83329,47.95683,12.75798,2.369,2.209,2.149,True
4a5ca240-87a4-46aa-ac82-2383ca58f62e,Breintner,Breintner,Kraiburger Str. 9-13,Waldkraiburg,84478,48.207642,12.417865,2.369,2.219,2.159,True
d37f1837-e3ff-4e7b-901d-eacc6cc1b9a3,TotalEnergies Autohof,TotalEnergies Autohof,Autohof Gewerbepark Frixing 3,Erharting,84513,48.272919,12.550472,2.379,2.229,2.169,True
db6efa78-ef9a-4cfc-84cf-49112785dbff,Shell,Shell,Brückenstr. 65,Muehldorf,84453,48.237432,12.534403,2.379,2.219,2.159,True
3a34bf89-536e-4f8f-abfa-f1538163da5a,ARAL,ARAL,Innstraße 16,Mühldorf,84453,48.241776,12.519261,2.379,2.189,2.129,True
13ed450d-7dc6-414c-96d2-28651d41475e,ARAL,ARAL,Teplitzer Straße 24,Waldkraiburg,84478,48.211636,12.417323,2.379,2.229,2.169,True
00060545-18e2-4444-8888-acdc00000001,POWER KFZ,POWER KFZ,Mühldorfer Straße 38,Töging,84513,48.250408172607,12.57096862793,2.389,2.179,2.129,True
66cd220f-3016-4fab-b5b8-39c36e5756b2,AVIA,AVIA,Maybachstraße 13,Ulm,89079,48.36317,9.942019,2.389,2.249,2.189,True
bd13582b-6080-4dea-a042-6658b09f53ff,AMIDI Freie Tankstelle,AMIDI Freie Tankstelle,Hauptstr. 17,Odelzhausen,85235,48.308949,11.199224,2.394,2.194,2.134,True
50b06e2c-9ef9-4d1b-a09d-a3b1da9758e0,ESSO,ESSO,Gewerbepark 6,Anzing,85646,48.15952,11.8539,2.399,2.239,2.179,True
dce43072-095b-458b-95ea-9e60266bf2c2,BFT,BFT,Eggmannstr. 39,Tannheim,88459,47.997798,10.083776,2.399,2.199,,True
a2d8f73d-4715-4618-a7fe-3eb4847f04f4,Shell,Shell,A8 Irschenberg Sued,Irschenberg,83737,47.828818,11.905459,2.509,2.489,2.429,True
005056a9-4231-1edc-bb91-2847efed0567,AGIP ENI,AGIP ENI,Holzkirchen Süd - Schmiedstraße 16,Holzkirchen/Oberbay.,83607,47.907334,11.717317,2.569,2.509,2.449,True
be4045b6-e5de-4770-a692-650fa590e26c,Shell,Shell,A9 Fuerholzen West,Neufahrn B.Freising,85376,48.338036,11.607716,2.569,2.409,2.349,True
de64de22-a6d7-4845-a1ec-d3b5e7b457b9,Shell,Shell,A99 Vaterstetten West,Vaterstetten,85622,48.124693,11.758072,2.599,2.509,2.449,True
7bf0b93a-647c-4175-8c05-cf6b6a612ea4,ESSO,ESSO,A93 Inntal West,Kiefersfelden,83088,47.613561,12.201224,2.609,2.499,2.469,True
72a94850-f9a9-4039-88cd-beb3bd3fad3d,AGIP ENI,AGIP ENI,Inntal-Ost / Autobahnrastst. 2,Kiefersfelden,83088,47.60998,12.20079,2.619,2.499,2.439,True
005056a9-4231-1edc-bb91-3ba5f736c5a1,AGIP ENI,AGIP ENI,Lechwiesen Süd /Siegfried-Meister-Str. 5,Landsberg/Lech,86899,48.058076,10.847578,2.619,2.539,2.479,True
e5cff162-464d-4d7e-80a2-137e08dc2c82,TotalEnergies,TotalEnergies,BAB A8 Samerberg Süd,Rohrdorf,83101,47.80201,12.17543,2.619,2.529,2.469,True
38e94920-cff8-4f6c-a872-fe818619a74f,Shell,Shell,A7 Allgäuer Tor Ost,Dietmannsried,87463,47.846389,10.282943,2.629,2.559,2.499,True
76649333-ff54-4855-b84b-e04c5bfcbd13,AGIP ENI,AGIP ENI,Rastanlage Vaterstetten-Ost,Feldkirchen - Vaterstetten,85622,48.12307,11.75971,2.629,2.509,2.449,True
6fce5ae3-c3aa-43ff-a871-01e5fb754022,Shell,Shell,A8 Holzkirchen Nord,Holzkirchen,83607,47.89164,11.731673,2.629,2.489,2.429,True
b9acb5c8-5e1d-4101-9635-73c37aae2427,Shell,Shell,A96 Lechwiesen Nord,Landsberg am Lech,86899,48.05955,10.847018,2.629,2.549,2.489,True
0f6dcc2d-657a-41b2-8a1e-0db919c1e73a,AGIP ENI,AGIP ENI,Höhenrain West / BAB A95,Berg,82335,47.9286,11.402066,2.639,2.569,2.509,True
4525cfca-7ed0-473c-add5-4ad165a93135,Shell,Shell,A95 Hoehenrain Ost,Berg,82335,47.92874,11.402305,2.639,2.569,2.509,True
95a6445a-b8bd-8f39-e100-00000630df04,AGIP ENI,AGIP ENI,Burgauer See Nord - A 8,Burgau,89331,48.413358626,10.4288783,2.709,2.569,2.509,True
e31f2bb6-3a74-47e1-bc0f-a962972467f2,TotalEnergies,TotalEnergies,BAB A8 Leipheim Süd,Leipheim,89340,48.438855,10.212878,2.709,2.569,2.509,True
b423cdc5-92c9-438e-8e71-027b1f828383,AVIA,AVIA,An der A7 (Illertal-West),Dettingen an der Iller,88451,48.127386,10.109354,2.729,2.559,2.499,True
0ad3772b-0828-40de-9ed8-b3209f066a54,ARAL,ARAL,A 7,Dettingen an der Iller,88451,48.123856,10.112559,2.729,2.559,2.499,True
545134fb-7729-4620-8622-3f48c1c4ef66,AGIP ENI,AGIP ENI,Allgäuer Tor West,Dietmannsried,87463,47.849339,10.281132,2.729,2.559,2.499,True
ce858942-694f-454d-99d3-4ed568f964b1,ARAL,ARAL,A 7,Giengen,89537,48.5829,10.1771,2.729,2.559,2.499,True
005056a9-4231-1edd-999c-afabd813e484,AGIP ENI,AGIP ENI,Lonetal West - A 7,Giengen Lonetal,89537,48.585018,10.177258,2.729,2.559,2.499,True
02250cd9-cb98-480f-91b8-8d98acf95b47,ARAL,ARAL,A 8,Rohrdorf,83101,47.802956,12.178136,2.729,2.559,2.499,True
f19f6aec-ab83-4c6e-93c3-9b68329e3f6a,ESSO,ESSO,A9 Fürholzen Ost,Fürholzen,85376,48.335492,11.610972,2.739,2.569,2.509,True
60151d01-4dae-4c81-853e-ecdd40f16011,TotalEnergies,TotalEnergies,BAB A8 Augsburg Ost,Augsburg,86169,48.412052,10.912778,2.769,2.609,2.549,True
86e7b9ca-31bb-4bda-af12-20f5384504dc,ESSO,ESSO,BAB A8 / KILOMETER 98,BERGEN,83346,47.828765,12.591565,2.769,2.569,2.509,True
b842dee5-8577-4505-a1c5-5d0c40aa7a25,AGIP ENI,AGIP ENI,Hochfelln-Sued - A 8,Bergen,83346,47.827941,12.589276,2.769,2.559,2.499,True
798520bd-8f78-4721-80de-bc3ecdf01d1c,ARAL,ARAL,"BAB A8, Geilenbach 13",Gersthofen,86368,48.4190521,10.8079042,2.769,2.559,2.499,True
8f2ff955-82b7-4327-b94f-964494dd8ea9,ARAL,ARAL,BAB A8,Piding,83451,47.76679,12.9028864,2.769,2.559,2.499,True
